id;track_name;artist(s)_name;artist_count;released_year;released_month;released_day;streams;bpm;key;mode
0;Seven (feat. Latto) (Explicit Ver.);Latto, Jung Kook;2;2023;7;14;141381703;125;B;Major
1;LALA;Myke Towers;1;2023;3;23;133716286;92;C#;Major
2;vampire;Olivia Rodrigo;1;2023;6;30;140003974;138;F;Major
3;Cruel Summer;Taylor Swift;1;2019;8;23;800840817;170;A;Major
4;WHERE SHE GOES;Bad Bunny;1;2023;5;18;303236322;144;A;Minor
5;Sprinter;Dave, Central Cee;2;2023;6;1;183706234;141;C#;Major
6;Ella Baila Sola;Eslabon Armado, Peso Pluma;2;2023;3;16;725980112;148;F;Minor
7;Columbia;Quevedo;1;2023;7;7;58149378;100;F;Major
8;fukumean;Gunna;1;2023;5;15;95217315;130;C#;Minor
9;La Bebe - Remix;Peso Pluma, Yng Lvcas;2;2023;3;17;553634067;170;D;Minor
10;un x100to;Bad Bunny, Grupo Frontera;2;2023;4;17;505671438;83;F#;Minor
11;Super Shy;NewJeans;1;2023;7;7;58255150;150;F;Minor
12;Flowers;Miley Cyrus;1;2023;1;12;1316855716;118;;Major
13;Daylight;David Kushner;1;2023;4;14;387570742;130;D;Minor
14;As It Was;Harry Styles;1;2022;3;31;2513188493;174;F#;Minor
15;Kill Bill;SZA;1;2022;12;8;1163093654;89;G#;Major
16;Cupid - Twin Ver.;Fifty Fifty;1;2023;2;24;496795686;120;B;Minor
17;"What Was I Made For? [From The Motion Picture ""Barbie""]";Billie Eilish;1;2023;7;13;30546883;78;;Major
18;Classy 101;Feid, Young Miko;2;2023;3;31;335222234;100;B;Major
19;Like Crazy;Jimin;1;2023;3;24;363369738;120;G;Major
20;LADY GAGA;Gabito Ballesteros, Junior H, Peso Pluma;3;2023;6;22;86444842;140;F;Minor
21;I Can See You (Taylorï¿½ï¿½ï¿½s Version) (From The ;Taylor Swift;1;2023;7;7;52135248;123;F#;Major
22;I Wanna Be Yours;Arctic Monkeys;1;2013;1;1;1297026226;135;;Minor
23;Peso Pluma: Bzrp Music Sessions, Vol. 55;Bizarrap, Peso Pluma;2;2023;5;31;200647221;133;F;Minor
24;Popular (with Playboi Carti & Madonna) - The Idol Vol. 1 (Music from the HBO Original Series);The Weeknd, Madonna, Playboi Carti;3;2023;6;2;115364561;99;C#;Major
25;SABOR FRESA;Fuerza Regida;1;2023;6;22;78300654;130;G;Minor
26;Calm Down (with Selena Gomez);Rï¿½ï¿½ma, Selena G;2;2022;3;25;899183384;107;B;Major
27;MOJABI GHOST;Tainy, Bad Bunny;2;2023;6;29;61245289;122;F#;Minor
28;Last Night;Morgan Wallen;1;2023;1;31;429829812;204;F#;Major
29;Dance The Night (From Barbie The Album);Dua Lipa;1;2023;5;25;127408954;110;B;Minor
30;Rush;Troye Sivan;1;2023;7;13;22581161;126;F;Minor
31;TULUM;Peso Pluma, Grupo Frontera;2;2023;6;28;52294266;168;F#;Major
32;Creepin';The Weeknd, 21 Savage, Metro Boomin;3;2022;12;2;843957510;98;C#;Minor
33;Anti-Hero;Taylor Swift;1;2022;10;21;999748277;97;E;Major
34;TQG;Karol G, Shakira;2;2023;2;23;618990393;180;E;Minor
35;Los del Espacio;Big One, Duki, Lit Killah, Maria Becerra, FMK, Rusherking, Emilia, Tiago pzk;8;2023;6;1;123122413;120;;Major
36;Frï¿½ï¿½gil (feat. Grupo Front;Yahritza Y Su Esencia, Grupo Frontera;2;2023;4;7;188933502;150;F#;Major
37;Blank Space;Taylor Swift;1;2014;1;1;1355959075;96;F;Major
38;Style;Taylor Swift;1;2014;1;1;786181836;95;D;Major
39;TQM;Fuerza Regida;1;2023;5;19;176553476;125;F;Minor
40;El Azul;Junior H, Peso Pluma;2;2023;2;10;354495408;144;A;Minor
41;Sunflower - Spider-Man: Into the Spider-Verse;Post Malone, Swae Lee;2;2018;10;9;2808096550;90;D;Major
42;I'm Good (Blue);Bebe Rexha, David Guetta;2;2022;8;26;1109433169;128;G;Minor
43;See You Again;Tyler, The Creator, Kali Uchis;3;2017;7;21;1047101291;79;F#;Major
44;Barbie World (with Aqua) [From Barbie The Album];Nicki Minaj, Aqua, Ice Spice;3;2023;6;23;65156199;144;;Major
45;Angels Like You;Miley Cyrus;1;2020;11;27;570515054;122;F;Major
46;I Ain't Worried;OneRepublic;1;2022;5;13;1085685420;140;;Major
47;Die For You;The Weeknd;1;2016;11;24;1647990401;134;C#;Minor
48;Starboy;The Weeknd, Daft Punk;2;2016;9;21;2565529693;186;G;Major
49;Die For You - Remix;Ariana Grande, The Weeknd;2;2023;2;24;518745108;67;C#;Minor
50;El Cielo;Feid, Myke Towers, Sky Rompiendo;3;2023;6;2;107753850;106;A#;Minor
51;Baby Don't Hurt Me;David Guetta, Anne-Marie, Coi Leray;3;2023;4;6;177740666;128;G;Major
52;AMARGURA;Karol G;1;2023;2;24;153372011;107;F#;Minor
53;(It Goes Like) Nanana - Edit;Peggy Gou;1;2023;6;15;57876440;130;G;Minor
54;Another Love;Tom Odell;1;2012;10;15;1813673666;123;E;Minor
55;Blinding Lights;The Weeknd;1;2019;11;29;3703895074;171;C#;Major
56;Moonlight;Kali Uchis;1;2023;2;24;256483385;137;G;Minor
57;La Bachata;Manuel Turizo;1;2022;5;26;1214083358;125;G;Minor
58;S91;Karol G;1;2023;7;14;16011326;128;;Minor
59;cardigan;Taylor Swift;1;2020;7;24;812019557;130;;Minor
60;Tï¿½ï¿;dennis, MC Kevin o Chris;2;2023;5;4;111947664;130;B;Major
61;Boy's a liar Pt. 2;PinkPantheress, Ice Spice;2;2023;2;3;156338624;133;F;Major
62;Left and Right (Feat. Jung Kook of BTS);Charlie Puth, BTS, Jung Kook;3;2022;6;24;720434240;101;D;Major
63;BESO;Rauw Alejandro, ROSALï¿½;2;2023;3;24;357925728;95;F;Minor
64;Hey Mor;Ozuna, Feid;2;2022;10;6;674072710;98;C#;Minor
65;Yellow;Chris Molitor;1;1999;1;1;1755214421;173;B;Major
66;Karma;Taylor Swift;1;2022;10;21;404562836;90;G#;Major
67;People;Libianca;1;2022;12;2;373199958;198;A#;Minor
68;Overdrive;Post Malone;1;2023;7;14;14780425;140;C#;Major
69;Enchanted (Taylor's Version);Taylor Swift;1;2023;7;7;39578178;82;G#;Major
70;BABY HELLO;Rauw Alejandro, Bizarrap;2;2023;6;23;54266102;130;C#;Minor
71;Heat Waves;Glass Animals;1;2020;6;28;2557975762;81;B;Major
72;golden hour;JVKE;1;2022;7;15;751134527;94;C#;Minor
73;Sweater Weather;The Neighbourhood;1;2012;5;14;2282771485;124;A#;Major
74;Quevedo: Bzrp Music Sessions, Vol. 52;Bizarrap, Quevedo;2;2022;7;6;1356565093;128;D;Major
75;Viva La Vida;Coldplay;1;2008;1;1;1592909789;138;F;Minor
76;Here With Me;d4vd;1;2022;7;17;635412045;132;E;Major
77;Unholy (feat. Kim Petras);Sam Smith, Kim Petras;2;2022;9;22;1230675890;131;D;Major
78;Yandel 150;Yandel, Feid;2;2022;12;20;585695368;168;F#;Minor
79;CORAZï¿½ï¿½N VA;Maria Becerra;1;2023;6;22;43857627;98;C#;Major
80;Riptide;Vance Joy;1;1975;1;1;2009094673;102;C#;Major
81;Until I Found You (with Em Beihold) - Em Beihold Version;Em Beihold, Stephen Sanchez;2;2022;4;22;600976848;101;A#;Major
82;Novidade na ï¿½ï¿;Mc Livinho, DJ Matt D;2;2023;6;23;39709092;130;F;Major
83;Back To December (Taylor's Version);Taylor Swift;1;2023;7;7;39228929;142;D;Major
84;STAY (with Justin Bieber);Justin Bieber, The Kid Laroi;2;2021;7;9;2665343922;170;C#;Major
85;El Merengue;Marshmello, Manuel Turizo;2;2023;3;3;223633238;124;G#;Minor
86;Someone You Loved;Lewis Capaldi;1;2018;11;8;2887241814;110;C#;Major
87;Me Porto Bonito;Chencho Corleone, Bad Bunny;2;2022;5;6;1440757818;92;C#;Minor
88;Makeba;Jain;1;2015;6;22;165484133;116;D;Major
89;MONTAGEM - FR PUNK;Ayparia, unxbected;2;2012;6;20;58054811;129;A;Major
90;Fast Car;Luke Combs;1;2023;3;24;157058870;98;G#;Major
91;What It Is (Solo Version);Doechii;1;2023;3;17;95131998;172;C#;Minor
92;Coco Chanel;Bad Bunny, Eladio Carrion;2;2023;3;17;250305248;150;D;Major
93;Donï¿½ï¿½ï¿½t Bl;Taylor Swift;1;2017;11;8;685032533;136;A;Minor
94;Still With You;Jung Kook;1;2020;6;5;38411956;88;C#;Minor
95;All My Life (feat. J. Cole);J. Cole, Lil Durk;2;2023;5;12;144565150;143;D#;Major
96;Say Yes To Heaven;Lana Del Rey;1;2023;3;17;127567540;100;F#;Minor
97;Snooze;SZA;1;2022;12;9;399686758;143;F;Major
98;Summertime Sadness;Lana Del Rey;1;2011;1;1;983637508;112;C#;Minor
99;Take Two;BTS;1;2023;6;9;118482347;93;G;Major
100;Lover;Taylor Swift;1;2012;1;1;882831184;206;G;Major
101;Too Many Nights (feat. Don Toliver & with Future);Future, Metro Boomin, Don Toliver;3;2022;12;2;286400165;88;G;Minor
102;Chemical;Post Malone;1;2023;4;14;172825906;170;D;Major
103;Mockingbird;Eminem;1;2004;1;1;1241559043;84;E;Minor
104;New Jeans;NewJeans;1;2023;7;7;29562220;134;E;Minor
105;Primera Cita;Carin Leon;1;2022;4;20;77309611;158;A#;Major
106;Cold Heart - PNAU Remix;Dua Lipa, Elton John, Pnau;3;2017;11;10;1605224506;116;C#;Major
107;Dandelions;Ruth B.;1;2017;4;28;1116995633;117;C#;Major
108;Bones;Imagine Dragons;1;2021;3;11;838079900;114;F;Minor
109;Set Fire to the Rain;Adele;1;2011;1;1;1163620694;108;D;Minor
110;Money Trees;Kendrick Lamar, Jay Rock;2;2012;1;1;1093605526;144;E;Minor
111;Tak Segampang Itu;Anggi Marito;1;2022;12;2;179659294;130;F;Major
112;LAGUNAS;Jasiel Nuï¿½ï¿½ez, Peso P;2;2023;6;22;39058561;116;B;Major
113;Mine (Taylor's Version);Taylor Swift;1;2023;7;7;36912123;121;G;Major
114;Everybody Wants To Rule The World;Tears For Fears;1;1985;2;17;1205951614;112;G;Major
115;No Role Modelz;J. Cole;1;2014;12;9;1791000570;100;A#;Minor
116;Tattoo;Loreen;1;2023;2;25;201660859;150;D#;Minor
117;Rara Vez;Taiu, Milo j;2;2023;2;8;248088961;120;F;Minor
118;VAGABUNDO;Sebastian Yatra, Manuel Turizo, Beï¿½ï;3;2023;5;12;90839753;127;B;Minor
119;august;Taylor Swift;1;2020;7;24;607123776;90;F;Major
120;LUNA;Junior H, Peso Pluma;2;2023;6;22;55842345;128;A;Minor
121;Miracle (with Ellie Goulding);Calvin Harris, Ellie Goulding;2;2023;3;10;211050784;143;A;Major
122;Nonsense;Sabrina Carpenter;1;2022;7;15;342897938;139;G#;Major
123;Que Vuelvas;Carin Leon, Grupo Frontera;2;2022;12;9;2762;162;A#;Major
124;Por las Noches;Peso Pluma;1;2021;6;11;330346424;92;;Major
125;Feliz Cumpleaï¿½ï¿½os Fe;Feid;1;2022;8;19;601863821;95;F;Major
126;Can't Hold Us (feat. Ray Dalton);Ray Dalton, Ryan Lewis, Macklemore;3;2011;8;16;1953533826;146;D;Major
127;Watermelon Sugar;Harry Styles;1;2019;11;17;2322580122;95;;Major
128;lovely - Bonus Track;Billie Eilish, Khalid;2;2017;8;11;2355719893;115;E;Minor
129;Rauw Alejandro: Bzrp Music Sessions, Vol. 56;Rauw Alejandro, Bizarrap;2;2023;6;21;66902503;128;B;Major
130;Queencard;(G)I-DLE;1;2023;5;15;96273746;130;E;Minor
131;OMG;NewJeans;1;2023;1;2;430977451;127;A;Minor
132;Radio;Lana Del Rey;1;2011;1;1;284819874;150;D;Major
133;Shakira: Bzrp Music Sessions, Vol. 53;Shakira, Bizarrap;2;2023;1;11;721975598;122;D;Minor
134;505;Arctic Monkeys;1;2007;4;20;1217120710;140;;Major
135;Calling (Spider-Man: Across the Spider-Verse) (Metro Boomin & Swae Lee, NAV, feat. A Boogie Wit da Hoodie);Swae Lee, A Boogie Wit da Hoodie, Metro Boomin, NAV;4;2023;6;2;109276132;140;;Major
136;Trance (with Travis Scott & Young Thug);Travis Scott, Young Thug, Metro Boomin;3;2022;12;2;276259178;119;C#;Minor
137;"Tere Vaaste (From ""Zara Hatke Zara Bachke"")";Sachin-Jigar, Shadab Faridi, Altamash Faridi, Amitabh Bhattacharya, Varun Jain;5;2023;5;22;54225632;110;G;Minor
138;Perfect;Ed Sheeran;1;2017;1;1;2559529074;95;G#;Major
139;Romantic Homicide;d4vd;1;2022;7;20;681583126;132;F#;Major
140;Believer;Imagine Dragons;1;2017;1;31;2594040133;125;A#;Minor
141;Novo Balanï¿½;Veigh, Bvga Beatz, Supernova Ent, Prod Malax;4;2023;5;19;81102253;124;D#;Minor
142;Gol Bolinha, Gol Quadrado 2;Mc Pedrinho, DJ 900;2;2023;6;1;11956641;133;B;Minor
143;Without Me;Eminem;1;2002;1;1;1687664027;112;G;Major
144;QUEMA;Sog, Ryan Castro, Peso Pluma;3;2023;7;13;11599388;97;;Major
145;Stargirl Interlude;The Weeknd, Lana Del Rey;2;2016;11;24;611700552;90;F;Minor
146;Ojitos Lindos;Bomba Estï¿½ï¿½reo, Bad B;2;2022;5;6;1133865788;80;D#;Minor
147;Somewhere Only We Know;Keane;1;2004;1;1;1089402494;172;A;Major
148;Those Eyes;New West;1;2019;5;10;411747614;120;E;Major
149;El Gordo Trae El Mando;Chino Pacas;1;2023;1;27;255932395;140;G;Minor
150;Mi Bello Angel;Natanael Cano;1;2023;6;30;31873544;128;A;Minor
151;Bye;Peso Pluma;1;2023;5;26;95053634;122;;Major
152;Danza Kuduro;Don Omar, Lucenzo;2;2010;1;1;1279434863;130;;Major
153;Nosso Quadro;Ana Castela, AgroPlay;2;2023;2;2;233801632;160;A;Major
154;Locked Out Of Heaven;Bruno Mars;1;2012;12;5;1481349984;144;F;Major
155;Un Finde | CROSSOVER #2;Big One, FMK, Ke personajes;3;2023;4;4;142095275;192;B;Major
156;Jimmy Cooks (feat. 21 Savage);Drake, 21 Savage;2;2022;6;17;618885532;163;;Major
157;Counting Stars;OneRepublic;1;2013;1;1;2011464183;122;C#;Minor
158;Ghost;Justin Bieber;1;2021;3;19;1167330737;154;D;Major
159;Under The Influence;Chris Brown;1;2019;10;4;929964809;117;A;Minor
160;PRC;Natanael Cano, Peso Pluma;2;2023;1;23;436027885;138;G;Minor
161;Gasolina;Daddy Yankee;1;2004;7;13;657723613;96;;Major
162;One Dance;Drake, WizKid, Kyla;3;2016;4;4;2713922350;104;C#;Major
163;Enchanted;Taylor Swift;1;2010;1;1;621660989;164;G#;Major
164;Save Your Tears;The Weeknd;1;2020;3;20;1591223784;118;;Major
165;Sure Thing;Miguel;1;2010;5;25;950906471;81;B;Minor
166;Every Breath You Take - Remastered 2003;The Police;1;1983;1;6;1593270737;117;C#;Major
167;The Night We Met;Lord Huron;1;2015;2;2;1410088830;174;D;Major
168;We Found Love;Rihanna, Calvin Harris;2;2011;1;1;1235005533;128;C#;Major
169;When I Was Your Man;Bruno Mars;1;2012;12;5;1661187319;145;;Major
170;Let Me Down Slowly;Alec Benjamin;1;2018;5;25;1374581173;150;C#;Minor
171;Am I Dreaming (Metro Boomin & A$AP Rocky, Roisee);A$AP Rocky, Metro Boomin, Roisee;3;2023;6;2;94186466;90;A;Minor
172;Do I Wanna Know?;Arctic Monkeys;1;2013;1;1;1788326445;85;F;Major
173;Demons;Imagine Dragons;1;2012;1;1;1840364617;180;D#;Major
174;ýýýýýýýýýýýý;YOASOBI;1;2023;4;12;143573775;166;C#;Major
175;Reminder;The Weeknd;1;2016;11;25;684675814;160;G#;Major
176;Shake It Off;Taylor Swift;1;2014;1;1;1113838873;160;G;Major
177;Why'd You Only Call Me When You're High?;Arctic Monkeys;1;2013;1;1;1267333350;92;D;Major
178;SNAP;Rosa Linn;1;2022;3;19;726307468;170;;Major
179;Shape of You;Ed Sheeran;1;2017;1;6;3562543890;96;C#;Minor
180;Night Changes;One Direction;1;2014;11;17;1131090940;120;G#;Major
181;Fin de Semana;Oscar Maydon, Junior H;2;2023;1;13;307370144;98;;Major
182;Creep;Radiohead;1;1992;9;21;1271293243;92;G;Major
183;Car's Outside;James Arthur;1;2019;10;18;265882712;150;A;Major
184;Apocalypse;Cigarettes After Sex;1;2017;3;21;841749534;94;F;Major
185;Cheques;Shubh;1;2023;5;19;47956378;90;E;Minor
186;Pink + White;Frank Ocean;1;2016;8;20;806397070;160;A;Major
187;Circles;Post Malone;1;2019;8;30;2132335812;120;;Major
188;Just The Way You Are;Bruno Mars;1;2010;1;1;1641426668;109;F;Major
189;Take Me To Church;Hozier;1;2013;9;13;2135158446;129;E;Minor
190;Bebe Dame;Fuerza Regida, Grupo Frontera;2;2022;12;16;367316268;157;G;Major
191;You Belong With Me (Taylorï¿½ï¿½ï¿½s Ve;Taylor Swift;1;2021;4;9;350381515;130;F#;Major
192;Titi Me Preguntï¿;Bad Bunny;1;2022;5;6;1264310836;107;F;Minor
193;Better Than Revenge (Taylor's Version);Taylor Swift;1;2023;7;7;30343206;146;B;Minor
194;Shut up My Moms Calling;Hotel Ugly;1;2020;2;10;405136812;139;A;Minor
195;Have You Ever Seen The Rain?;Creedence Clearwater Revival;1;1968;7;1;1145727611;116;;Major
196;Es un Secreto;Plan B;1;2010;7;20;540654286;95;F#;Minor
197;POLARIS - Remix;Feid, Mora, Saiko, Quevedo;4;2023;6;8;57312735;170;G#;Minor
198;Ditto;NewJeans;1;2022;12;19;397582059;134;F#;Minor
199;Take On Me;a-ha;1;1984;10;19;1479115056;84;F#;Minor
200;Annihilate (Spider-Man: Across the Spider-Verse) (Metro Boomin & Swae Lee, Lil Wayne, Offset);Swae Lee, Lil Wayne, Offset, Metro Boomin;4;2023;6;2;86773632;146;B;Minor
201;Angel Pt 1 (feat. Jimin of BTS, JVKE & Muni Long);Kodak Black, NLE Choppa, Muni Long, JVKE, Jimin;5;2023;5;1;133753727;74;A#;Minor
202;Acrï¿½ï¿½s;Shakira;1;2023;5;11;123124076;144;B;Major
203;AMG;Natanael Cano, Gabito Ballesteros, Peso Pluma;3;2022;11;24;463564958;136;B;Minor
204;"Phir Aur Kya Chahiye (From ""Zara Hatke Zara Bachke"")";Arijit Singh, Sachin-Jigar, Amitabha Bhattacharya;3;2023;5;15;64533040;100;E;Major
205;S-Class;Stray Kids;1;2023;6;2;65496046;105;F;Minor
206;Hits Different;Taylor Swift;1;2023;5;26;68616963;106;F;Major
207;Chanel;Becky G, Peso Pluma;2;2023;3;30;161460990;132;D;Major
208;Self Love (Spider-Man: Across the Spider-Verse) (Metro Boomin & Coi Leray);Metro Boomin, Coi Leray;2;2023;6;2;70106975;120;A;Major
209;Area Codes;Kaliii, Kaliii;2;2023;3;17;113509496;155;C#;Major
210;Abcdario;Junior H, Eden Muï¿½ï;2;2023;5;13;89933133;129;G#;Major
211;Obsessed;Abhijay Sharma, Riar Saab;2;2022;9;29;71007139;135;F;Minor
212;Piï¿½ï¿½man Deï¿;Semicenk, Doï¿½ï¿½u ;2;2023;6;2;43522589;98;A#;Minor
213;FLOWER;JISOO;1;2023;3;31;232896922;124;A;Minor
214;All The Way Live (Spider-Man: Across the Spider-Verse) (Metro Boomin & Future, Lil Uzi Vert);Future, Lil Uzi Vert, Metro Boomin;3;2023;6;2;37126685;135;A;Minor
215;Eyes Closed;Ed Sheeran;1;2023;3;23;195576623;107;D;Major
216;Escapism.;RAYE, 070 Shake;2;2022;10;12;532336353;96;D;Major
217;La Jumpa;Arcangel, Bad Bunny;2;2022;11;30;538115192;123;G#;Major
218;Karma (feat. Ice Spice);Taylor Swift, Ice Spice;2;2023;5;26;46142772;90;G#;Major
219;Superhero (Heroes & Villains) [with Future & Chris Brown];Future, Chris Brown, Metro Boomin;3;2022;12;2;401036314;117;F;Minor
220;Las Morras;BLESSD, Peso Pluma;2;2023;4;4;127026613;133;A;Minor
221;CHORRITO PA LAS ANIMAS;Feid;1;2022;12;2;345031710;96;G#;Minor
222;Ch y la Pizza;Fuerza Regida, Natanael Cano;2;2022;12;1;288101651;149;G#;Major
223;Snow On The Beach (feat. More Lana Del Rey);Lana Del Rey, Taylor Swift;2;2023;5;26;60350538;110;F#;Minor
224;Players;Coi Leray;1;2022;11;30;335074782;105;F#;Major
225;Bite Me;ENHYPEN;1;2023;5;22;76767396;105;C#;Major
226;Stand By Me (feat. Morgan Wallen);Lil Durk, Morgan Wallen;2;2023;5;26;46065667;134;B;Major
227;Normal;Feid;1;2022;7;8;459276435;170;E;Minor
228;Hummingbird (Metro Boomin & James Blake);James Blake, Metro Boomin;2;2023;6;2;39666245;81;F#;Major
229;Seu Brilho Sumiu - Ao Vivo;Israel & Rodolffo, Mari Fernandez;2;2023;3;1;138517666;154;F#;Major
230;Bad Habit;Steve Lacy;1;2022;6;29;822633917;169;C#;Major
231;CUFF IT;Beyoncï¿;1;2022;7;29;595900742;115;G;Major
232;Lilith (feat. SUGA of BTS) (Diablo IV Anthem);Halsey, Suga;2;2023;6;5;51985779;84;A;Minor
233;69;Nicky Jam, Feid;2;2023;5;18;57945987;93;G#;Major
234;Niï¿½ï¿½a Bo;Sean Paul, Feid;2;2023;4;21;115010040;91;G;Major
235;Search & Rescue;Drake;1;2023;4;7;175097833;142;A#;Minor
236;AMERICA HAS A PROBLEM (feat. Kendrick Lamar);Kendrick Lamar, Beyoncï¿;2;2023;5;19;57089066;126;C#;Major
237;Lavender Haze;Taylor Swift;1;2022;10;21;488386797;97;A#;Major
238;Link Up (Metro Boomin & Don Toliver, Wizkid feat. BEAM & Toian) - Spider-Verse Remix (Spider-Man: Across the Spider-Verse );WizKid, Toian, Metro Boomin, Don Toliver, Beam;5;2023;6;2;32761689;101;F;Major
239;Efecto;Bad Bunny;1;2022;5;6;1047480053;98;G;Minor
240;Erro Gostoso - Ao Vivo;Simone Mendes;1;2023;1;27;153454328;154;F#;Major
241;Cupido;Tini;1;2023;2;14;217672943;120;A;Major
242;Just Wanna Rock;Lil Uzi Vert;1;2022;10;17;457184829;150;B;Major
243;Unstoppable;Sia;1;2016;1;21;939844851;174;A;Major
244;Until I Found You;Stephen Sanchez;1;2021;9;1;726434358;202;A#;Major
245;Rich Flex;Drake, 21 Savage;2;2022;11;4;573633020;153;B;Minor
246;Easy On Me;Adele;1;2021;10;14;1406111294;142;F;Major
247;Cartï¿½ï¿½o B;MC Caverinha, KayBlack;2;2023;5;11;71573339;108;A;Minor
248;Danger (Spider) (Offset & JID);Offset, JID;2;2023;6;2;24975653;143;B;Major
249;Oi Balde - Ao Vivo;Zï¿½ï¿½ Neto & Crist;1;2023;2;14;145458418;108;D;Major
250;The Real Slim Shady;Eminem;1;2000;1;1;1424589568;104;F;Minor
251;MERCHO;Migrantes, LiL CaKe, Nico Valdi;3;2022;12;16;231332117;93;F#;Minor
252;The Color Violet;Tory Lanez;1;2021;12;10;415932686;105;F#;Minor
253;Glimpse of Us;Joji;1;2022;6;10;988515741;170;G#;Major
254;Mejor Que Yo;Mambo Kingz, DJ Luian, Anuel Aa;3;2023;5;4;50847624;178;C#;Minor
255;Curtains;Ed Sheeran;1;2023;5;5;39893489;176;F#;Minor
256;UNFORGIVEN (feat. Nile Rodgers);Nile Rodgers, LE SSERAFIM;2;2023;5;1;92035115;104;E;Minor
257;Haegeum;Agust D;1;2023;4;21;118810253;85;G;Major
258;Conexï¿½ï¿½es de Mï¿½ï¿½fia (feat. Rich ;Rich The Kid, Matuï¿;2;2023;4;30;77233241;117;F#;Minor
259;MIENTRAS ME CURO DEL CORA;Karol G;1;2023;2;24;206399629;80;;Major
260;Never Felt So Alone;Labrinth;1;2023;4;7;117747907;98;F;Major
261;X SI VOLVEMOS;Karol G, Romeo Santos;2;2023;2;2;266624541;178;C#;Minor
262;ceilings;Lizzy McAlpine;1;2022;4;8;293186992;148;A;Major
263;Cupid;Fifty Fifty;1;2023;2;24;139681964;120;D;Major
264;I AM;IVE;1;2023;4;10;123132751;122;E;Minor
265;Cupid ï¿½ï¿½ï¿½ Twin Ver. (FIFTY FIFTY) ï¿½ï¿½ï¿½ Spe;sped up 8282;1;1997;1;1;103762518;144;F;Major
266;Shorty Party;Cartel De Santa, La Kelly;2;2023;3;4;162887075;96;D;Major
267;Super;SEVENTEEN;1;2023;4;24;91221625;137;G#;Major
268;Slut Me Out;NLE Choppa;1;2022;4;22;190490915;121;F#;Minor
269;Double Fantasy (with Future);The Weeknd, Future;2;2023;4;21;96180277;119;A;Minor
270;All Of The Girls You Loved Before;Taylor Swift;1;2019;8;23;185240616;96;D;Major
271;PROVENZA;Karol G;1;2022;4;21;885093467;111;C#;Major
272;Princess Diana (with Nicki Minaj);Nicki Minaj, Ice Spice;2;2023;4;14;104992946;148;A;Major
273;Di Que Si;Grupo Marca Registrada, Grupo Frontera;2;2023;2;3;147290338;182;A;Major
274;Shivers;Ed Sheeran;1;2021;9;9;1302184087;141;D;Major
275;Igualito a Mi Apï¿;Fuerza Regida, Peso Pluma;2;2022;12;30;158950978;145;E;Minor
276;Shoong! (feat. LISA of BLACKPINK);TAEYANG, Lisa;2;2023;4;25;76910644;110;B;Minor
277;Komang;Raim Laode;1;2022;8;16;137123880;134;G;Major
278;DESPECHï¿;ROSALï¿½;1;2022;7;28;782369383;130;G;Major
279;Made You Look;Meghan Trainor;1;2022;10;21;502574952;145;A#;Major
280;Watch This - ARIZONATEARS Pluggnb Remix;sped up nightcore, ARIZONATEARS, Lil Uzi Vert;3;2023;2;5;207033255;130;B;Minor
281;No Se Va;Grupo Frontera;1;2022;4;28;404887295;173;;Major
282;Punto G;Quevedo;1;2022;11;4;381161027;92;B;Minor
283;Lovers Rock;TV Girl;1;2014;6;5;466231982;105;F;Minor
284;METAMORPHOSIS;INTERWORLD;1;2021;11;25;357580552;175;G;Minor
285;Mami Chula;Quevedo, Jhayco;2;2023;4;27;61105704;120;G;Minor
286;En Paris;El Chachito, Junior H;2;2022;12;24;198275403;139;D#;Minor
287;Set Me Free Pt.2;Jimin;1;2023;3;17;168448603;132;;Minor
288;I Was Never There;The Weeknd, Gesaffelstein;2;2018;3;29;705469769;114;A#;Major
289;Don't ever say love me (feat. RM of BTS);RM, Colde;2;2023;5;4;34502215;145;B;Minor
290;Shut Down;BLACKPINK;1;2022;9;16;482175240;110;;Major
291;Gato de Noche;Nengo Flow, Bad Bunny;2;2022;12;22;304118600;94;G#;Major
292;Call Out My Name;The Weeknd;1;2018;3;29;1449799467;134;C#;Major
293;Like Crazy (English Version);Jimin;1;2023;3;24;173627354;120;G;Major
294;Rosa Pastel;Jasiel Nuï¿½ï¿½ez, Peso P;2;2023;2;2;90025258;123;G;Minor
295;Sunroof;Nicky Youre, Dazy;2;2021;12;3;652704649;131;A#;Major
296;Lose Yourself - Soundtrack Version;Eminem;1;2002;1;1;1829992958;171;D;Major
297;Superman;Eminem, Dina Rae;2;2002;5;26;655466831;130;E;Minor
298;Mas Rica Que Ayer;Mambo Kingz, DJ Luian, Anuel Aa;3;2023;3;2;146409671;94;B;Major
299;People Pt.2 (feat. IU);IU, Agust D;2;2023;4;7;95816024;89;G;Minor
300;REMIX EXCLUSIVO;Feid;1;2023;3;17;117206995;87;F;Minor
301;Arcï¿½ï¿½ngel: Bzrp Music Sessions, Vol;Arcangel, Bizarrap;2;2023;3;22;100409613;124;B;Minor
302;DOGTOOTH;Tyler, The Creator;2;2023;3;27;80758350;78;G#;Major
303;10:35;Tiï¿½ï¿½sto, Tate M;2;2022;11;1;325592432;120;G#;Major
304;SORRY NOT SORRY;Tyler, The Creator;2;2023;3;31;58473276;96;F#;Minor
305;HAPPY;NF;1;2023;3;25;52722996;106;G;Major
306;La Bebe;Yng Lvcas;1;2021;12;24;191945597;170;D;Minor
307;I Know - PR1SVX Edit;Kanii, PR1ISVX;2;2023;3;24;77377503;134;B;Minor
308;Late Night Talking;Harry Styles;1;2022;5;20;743693613;115;A#;Major
309;Leï¿½;Marï¿½ï¿½lia Mendo;1;2022;12;9;267789608;130;F#;Major
310;Save Your Tears (with Ariana Grande) (Remix);Ariana Grande, The Weeknd;2;2020;3;20;1221813483;118;;Major
311;Something in the Orange;Zach Bryan;1;2022;4;22;449701773;110;G;Major
312;VOID;Melanie Martinez;1;2023;3;29;67070410;100;A;Major
313;Dijeron Que No La Iba Lograr;Fuerza Regida, Chino Pacas;2;2023;3;14;116334601;142;G;Minor
314;Midnight Rain;Taylor Swift;1;2022;10;21;433356509;140;;Major
315;If We Ever Broke Up;Mae Stephens;1;2023;2;10;165584767;116;G;Major
316;You Proof;Morgan Wallen;1;2022;5;13;367814306;120;A;Major
317;LA INOCENTE;Feid, Mora;2;2022;4;1;477033549;92;F;Minor
318;Malas Decisiones;Kenia OS;1;2022;10;26;156214700;110;G#;Minor
319;Murder In My Mind;Kordhell;1;2022;1;21;448843705;120;A#;Major
320;Gangsta's Paradise;Coolio, L.V.;2;1995;7;11;1357608774;80;G#;Major
321;CAIRO;Karol G, Ovy On The Drums;2;2022;11;13;294352144;115;F;Minor
322;I Love You So;The Walters;1;2014;11;28;972164968;76;A#;Major
323;Dark Red;Steve Lacy;1;2017;2;20;920045682;172;F#;Major
324;Say You Won't Let Go;James Arthur;1;2016;9;9;2420461338;99;A#;Major
325;The Hills;The Weeknd;1;2015;5;27;1947371785;136;;Minor
326;Heart To Heart;Mac DeMarco;1;2019;5;10;244658767;150;G#;Minor
327;Peaches (from The Super Mario Bros. Movie);Jack Black;1;2023;4;7;68216992;92;A#;Minor
328;Marisola - Remix;Duki, NICKI NICOLE, Cris Mj, Standly, Stars Music Chile;5;2022;12;15;223582566;95;C#;Major
329;LOKERA;Brray, Rauw Alejandro, Lyanno;3;2022;7;25;471819764;102;B;Minor
330;Low;SZA;1;2022;12;9;272377463;145;;Minor
331;Numb;Linkin Park;1;2003;3;24;1361425037;110;A;Major
332;Tormenta (feat. Bad Bunny);Gorillaz, Bad Bunny;2;2023;2;24;149778242;95;;Major
333;on the street (with J. Cole);j-hope, J. Cole;2;2023;3;3;116599790;94;B;Minor
334;One Thing At A Time;Morgan Wallen;1;2022;12;2;148469433;142;G;Major
335;Miss You;Robin Schulz, Oliver Tree;2;2022;8;5;497225336;145;F#;Minor
336;Ainï¿½ï¿½ï¿½t Tha;Morgan Wallen;1;2023;3;3;88791109;121;F#;Minor
337;Thinkinï¿½ï¿½ï¿½ B;Morgan Wallen;1;2023;3;3;125917280;140;D#;Minor
338;Private Landing (feat. Justin Bieber & Future);Don Toliver, Future, Justin Bieber;3;2023;2;23;105062254;137;C#;Minor
339;Everything I Love;Morgan Wallen;1;2023;1;31;95623148;104;G#;Major
340;Heaven;Niall Horan;1;2023;2;17;144584800;92;F;Major
341;LET GO;Central Cee;1;2022;12;15;298063749;146;D;Minor
342;Sial;Mahalini;1;2023;1;23;166570053;120;D;Major
343;I Wrote The Book;Morgan Wallen;1;2023;1;31;83021468;144;D;Major
344;"Apna Bana Le (From ""Bhediya"")";Arijit Singh, Sachin-Jigar;2;2022;11;5;139836056;94;A;Major
345;SPIT IN MY FACE!;ThxSoMch;1;2022;10;31;303216294;94;G#;Major
346;PLAYA DEL INGLï¿½;Myke Towers, Quevedo;2;2022;12;15;221409663;113;G;Minor
347;Man Made A Bar (feat. Eric Church);Morgan Wallen, Eric Church;2;2023;3;3;58890931;148;E;Major
348;Red Ruby Da Sleeze;Nicki Minaj;1;2023;3;3;81419389;98;C#;Major
349;Kahani Suno 2.0;Kaifi Khalil;1;2022;5;31;156777415;140;B;Major
350;Nobody Gets Me;SZA;1;2022;12;9;284908316;100;G;Major
351;PERO Tï¿;Karol G, Quevedo;2;2023;2;23;93438910;140;F#;Major
352;Hype Boy;NewJeans;1;2022;8;1;363472647;100;E;Minor
353;Bloody Mary;Lady Gaga;1;2011;1;1;372476382;100;A;Minor
354;Monotonï¿½;Ozuna, Shakira;2;2022;10;19;380726517;132;;Minor
355;ýýý98 Braves;Morgan Wallen;1;2023;3;3;56533272;142;D;Major
356;WANDA;Quevedo;1;2023;1;20;175399345;176;E;Minor
357;Thought You Should Know;Morgan Wallen;1;2022;5;6;203221468;140;F#;Major
358;In The End;Linkin Park;1;2000;10;24;1624165576;105;D#;Minor
359;Zona De Perigo;Leo Santana;1;2022;12;8;134294498;135;F;Major
360;Lovezinho;Treyce;1;2022;7;28;70069745;128;E;Minor
361;I Like You (A Happier Song) (with Doja Cat);Post Malone, Doja Cat;2;2022;6;3;609293408;101;F;Major
362;Neverita;Bad Bunny;1;2022;5;6;671365962;122;A#;Major
363;Vista Al Mar;Quevedo;1;2022;9;8;362361576;105;;Minor
364;Sem Alianï¿½ï¿½a no ;MC Xenon, Os Gemeos da Putaria;2;2022;12;23;93587665;83;C#;Major
365;Enemy (with JID) - from the series Arcane League of Legends;Imagine Dragons, League of Legends, JID, Arcane;4;2021;9;3;1223481149;77;B;Minor
366;Revenge;XXXTENTACION;1;2017;8;25;1022258230;140;B;Minor
367;Bombonzinho - Ao Vivo;Israel & Rodolffo, Ana Castela;2;2022;11;3;263453310;158;C#;Major
368;LA CANCIï¿½;J Balvin, Bad Bunny;2;2019;6;28;1435127549;176;G;Major
369;Quï¿½ï¿½ Ago;Yuridia, Angela Aguilar;2;2022;10;20;236857112;98;B;Major
370;Love Again;The Kid Laroi;1;2023;1;27;147538971;107;B;Minor
371;After Hours;The Weeknd;1;2020;2;19;698086140;109;F;Minor
372;About Damn Time;Lizzo;1;2022;7;15;723894473;109;A#;Minor
373;Born With A Beer In My Hand;Morgan Wallen;1;2023;3;3;34450974;148;;Major
374;ýýýýýýýýýýýýýýýýýýýýý;Fujii Kaze;1;2020;5;20;403097450;158;F#;Minor
375;Besos Moja2;Wisin & Yandel, ROSALï¿½;2;2022;9;29;309483971;94;F;Minor
376;Maan Meri Jaan;King;1;2022;10;12;319566866;96;F#;Minor
377;Moscow Mule;Bad Bunny;1;2022;5;6;909001996;100;F;Minor
378;My Universe;Coldplay, BTS;2;2021;9;24;1061966512;105;A;Major
379;Devil Donï¿½ï¿½ï¿½;Morgan Wallen;1;2023;3;3;32526947;125;;Major
380;LLYLM;ROSALï¿½;1;2023;1;27;124988687;170;F#;Minor
381;I'm Not Here To Make Friends;Sam Smith, Calvin Harris, Jessie Reyez;3;2023;1;27;103787664;115;;Major
382;TRUSTFALL;P!nk;1;2023;1;27;134255790;122;G#;Major
383;ANTIFRAGILE;LE SSERAFIM;1;2022;10;17;301051721;105;A#;Minor
384;Boy's a liar;PinkPantheress;1;2022;11;30;156338624;133;F;Major
385;VIBE (feat. Jimin of BTS);TAEYANG, Jimin;2;2023;1;13;152850295;100;;Major
386;Shirt;SZA;1;2022;10;28;309653982;120;D#;Minor
387;Lift Me Up - From Black Panther: Wakanda Forever - Music From and Inspired By;Rihanna;1;2022;10;28;297328960;177;A;Major
388;STAR WALKIN' (League of Legends Worlds Anthem);Lil Nas X;1;2022;9;22;332506354;142;D;Minor
389;Sex, Drugs, Etc.;Beach Weather;1;2016;11;4;480507035;144;E;Minor
390;Boy With Luv (feat. Halsey);Halsey, BTS;2;2019;4;12;1065580332;120;B;Minor
391;Hey, Mickey!;Baby Tate;1;2016;9;27;122763672;135;D;Major
392;Calm Down;Rï¿½ï;1;2022;2;9;445763624;107;B;Major
393;Jhoome Jo Pathaan;Arijit Singh, Vishal Dadlani, Sukriti Kakar, Vishal-Shekhar, Shekhar Ravjiani, Kumaar;6;2022;12;22;1365184;105;G;Major
394;Escapism. - Sped Up;RAYE, 070 Shake;2;2022;11;25;184308753;108;F#;Minor
395;Space Song;Beach House;1;2015;1;1;789753877;147;;Minor
396;Dreamers [Music from the FIFA World Cup Qatar 2022 Official Soundtrack];BTS, Jung Kook, FIFA Sound;3;2022;11;20;323358833;115;;Major
397;Te Felicito;Shakira, Rauw Alejandro;2;2022;4;21;606361689;174;F;Major
398;Muï¿½ï¿½;Steve Aoki, Tini, La Joaqui;3;2023;1;12;120972253;90;A#;Minor
399;TV;Billie Eilish;1;2022;7;21;338564981;141;E;Minor
400;I'm Not The Only One;Sam Smith;1;2014;1;1;1606986953;82;F;Major
401;Heather;Conan Gray;1;2020;3;20;1301799902;92;F;Major
402;"Besharam Rang (From ""Pathaan"")";Vishal-Shekhar, Shilpa Rao, Caralisa Monteiro, Kumaar, Vishal Dadlani, Shekhar Ravjiani;6;2022;12;12;140187018;116;G#;Minor
403;One Kiss (with Dua Lipa);Calvin Harris, Dua Lipa;2;2017;6;2;1897517891;124;A;Minor
404;Sugar Rush Ride;TOMORROW X TOGETHER;1;2023;1;27;107642809;125;A#;Minor
405;Pink Venom;BLACKPINK;1;2022;8;19;551305895;90;;Major
406;WAIT FOR U (feat. Drake & Tems);Drake, Future, Tems;3;2022;4;27;556585270;83;C#;Major
407;Don't Start Now;Dua Lipa;1;2019;10;31;2303033973;124;B;Minor
408;After Dark;Mr.Kitty;1;2014;8;8;646886885;140;G#;Major
409;Eu Gosto Assim - Ao Vivo;Gustavo Mioto, Mari Fernandez;2;2022;9;16;222612678;154;;Major
410;INDUSTRY BABY (feat. Jack Harlow);Jack Harlow, Lil Nas X;2;2021;7;23;1814349763;150;D#;Minor
411;MIDDLE OF THE NIGHT;Elley Duhï¿;1;2020;1;10;872137015;186;E;Minor
412;Atlantis;Seafret;1;2015;4;22;571386359;166;G#;Minor
413;PUNTO 40;Baby Rasta, Rauw Alejandro;2;2022;9;22;304079786;107;;Major
414;Evoque Prata;DJ Escobar, MC MENOR SG, MC MENOR HR;3;2022;9;9;174006928;87;G;Major
415;How Do I Say Goodbye;Dean Lewis;1;2022;8;5;284785823;82;G#;Major
416;Blind;SZA;1;2022;12;9;163284000;114;A;Minor
417;Die For You;Joji;1;2022;11;4;246390068;148;G#;Major
418;Doja;Central Cee;1;2022;7;20;482257456;140;F#;Major
419;Gatita;Bellakath;1;2022;10;3;168684524;101;G;Major
420;Rumble;Skrillex, Flowdan, Fred again..;3;2022;1;17;78489819;140;C#;Minor
421;Niagara Falls (Foot or 2) [with Travis Scott & 21 Savage];Travis Scott, 21 Savage, Metro Boomin;3;2022;12;2;195516622;88;G;Minor
422;Yonaguni;Bad Bunny;1;2021;6;4;1260594497;180;C#;Major
423;Super Freaky Girl;Nicki Minaj;1;2022;8;12;428685680;133;D;Major
424;Running Up That Hill (A Deal With God);Kate Bush;1;1985;9;16;1024858327;108;A#;Minor
425;Dream On;Aerosmith;1;1973;1;5;838586769;80;F;Minor
426;Limbo;Freddie Dredd;1;2022;8;11;199386237;75;B;Minor
427;Where Are You Now;Lost Frequencies, Calum Scott;2;2021;7;30;972509632;121;F#;Minor
428;WORTH NOTHING;Twisted, Oliver Tree;2;2022;9;28;213438580;140;D;Minor
429;Bad Habits;Ed Sheeran;1;2020;9;3;1555511105;126;B;Minor
430;KICK BACK;Kenshi Yonezu;1;2022;10;12;210038833;102;C#;Major
431;Evergreen (You Didnï¿½ï¿½ï¿½t Deserve Me A;Omar Apollo;1;2022;4;8;227918678;82;A;Major
432;Good Days;SZA;1;2020;12;24;826623384;121;C#;Minor
433;Levitating (feat. DaBaby);Dua Lipa, DaBaby;2;2020;3;27;1802514301;103;F#;Minor
434;Woman;Doja Cat;1;2021;6;25;1329090101;108;F;Minor
435;Shut up My Moms Calling - (Sped Up);Hotel Ugly;1;2022;9;14;181831132;85;F;Minor
436;Ferrari;James Hype, Miggy Dela Rosa;2;2022;3;14;462791599;125;C#;Minor
437;You're On Your Own, Kid;Taylor Swift;1;2022;10;21;348647203;120;D;Major
438;"Kesariya (From ""Brahmastra"")";Pritam, Arijit Singh, Amitabh Bhattacharya;3;2022;7;17;366599607;94;;Major
439;Agudo Mï¿½ï¿½gi;Styrx, utku INC, Thezth;3;1930;1;1;90598517;130;F#;Minor
440;Payphone;Maroon 5, Wiz Khalifa;2;2012;1;1;1479264469;110;E;Major
441;All I Want for Christmas Is You;Mariah Carey;1;1994;10;28;1449779435;150;G;Major
442;Last Christmas;Wham!;1;1984;1;1;1159176109;107;B;Minor
443;Rockin' Around The Christmas Tree;Brenda Lee;1;1958;1;1;769213520;140;G#;Major
444;Jingle Bell Rock;Bobby Helms;1;1957;1;1;741301563;119;D;Major
445;It's Beginning To Look A Lot Like Christmas;Michael Bublï¿;1;2011;10;14;807561936;93;E;Major
446;Santa Tell Me;Ariana Grande;1;2013;12;13;834129063;133;G;Major
447;It's the Most Wonderful Time of the Year;Andy Williams;1;1963;10;14;663832097;202;G;Major
448;Let It Snow! Let It Snow! Let It Snow!;Dean Martin;1;1959;11;16;446390129;134;C#;Major
449;Snowman;Sia;1;2017;1;1;690104769;105;C#;Major
450;Underneath the Tree;Kelly Clarkson;1;2013;10;25;485285717;160;G#;Major
451;Feliz Navidad;Josï¿½ï¿½ Felic;1;1970;11;1;520034544;148;D;Major
452;Holly Jolly Christmas;Michael Bublï¿;1;2011;10;14;476244795;151;G;Major
453;Mistletoe;Justin Bieber;1;2011;1;1;629173063;162;F#;Minor
454;Sleigh Ride;The Ronettes;1;1963;11;22;404664135;92;D;Major
455;Seek & Destroy;SZA;1;2022;12;9;98709329;152;C#;Major
456;Love Language;SZA;1;2022;12;9;110849052;65;A;Minor
457;Happy Xmas (War Is Over);John Lennon, The Harlem Community Choir, The Plastic Ono Band, Yoko Ono;4;1971;12;1;460492795;147;D;Major
458;Used (feat. Don Toliver);SZA, Don Toliver;2;2022;12;8;94005786;150;A#;Minor
459;A Holly Jolly Christmas - Single Version;Burl Ives;1;1952;1;1;395591396;140;;Major
460;The Christmas Song (Merry Christmas To You) - Remastered 1999;Nat King Cole;1;1946;11;1;389771964;139;C#;Major
461;Wonderful Christmastime - Edited Version / Remastered 2011;Paul McCartney;1;1979;11;16;403939487;95;B;Major
462;Do They Know It's Christmas? - 1984 Version;Band Aid;1;1984;11;25;481697415;115;;Major
463;Ghost in the Machine (feat. Phoebe Bridgers);SZA, Phoebe Bridgers;2;2022;12;9;110073250;125;F#;Major
464;Special;SZA;1;2022;12;9;88092256;76;;Major
465;Merry Christmas Everyone;Shakin' Stevens;1;1984;1;1;351636786;101;C#;Minor
466;Let It Snow! Let It Snow! Let It Snow!;Frank Sinatra, B. Swanson Quartet;2;1950;1;1;473248298;143;D;Major
467;SOS;SZA;1;2022;12;9;73981293;119;G;Minor
468;Open Arms (feat. Travis Scott);SZA, Travis Scott;2;2022;12;8;155653938;78;A;Major
469;White Christmas;Bing Crosby, John Scott Trotter & His Orchestra, Ken Darby Singers;3;1942;1;1;395591396;96;A;Major
470;Driving Home for Christmas - 2019 Remaster;Chris Rea;1;1986;1;1;429504768;180;A;Major
471;Christmas (Baby Please Come Home);Darlene Love;1;1963;11;22;242767149;126;D#;Major
472;Gone Girl;SZA;1;2022;12;9;65362788;150;F;Major
473;F2F;SZA;1;2022;12;9;67540165;90;D;Major
474;Notice Me;SZA;1;2022;12;9;62019074;160;F;Major
475;Merry Christmas;Ed Sheeran, Elton John;2;2017;11;10;135723538;114;;Major
476;It's Beginning to Look a Lot Like Christmas (with Mitchell Ayres & His Orchestra);Perry Como, The Fontane Sisters, Mitchell Ayres & His Orchestra;3;1958;1;1;295998468;113;G;Major
477;My Only Wish (This Year);Britney Spears;1;2000;11;7;261116938;147;;Major
478;Antidepresan;Mabel Matiz, Mert Demir;2;2022;11;4;136689549;100;B;Minor
479;Wild Flower (with youjeen);RM;1;2022;12;2;135611421;155;G#;Major
480;I Hate U;SZA;1;2021;12;3;356709897;107;G;Minor
481;Raindrops (Insane) [with Travis Scott];Travis Scott, Metro Boomin;2;2022;12;2;110649992;112;G#;Major
482;SPIT IN MY FACE!;ThxSoMch;1;2022;10;31;301869854;166;C#;Major
483;Deck The Hall - Remastered 1999;Nat King Cole;1;1959;1;1;127027715;107;F#;Minor
484;Smoking on my Ex Pack;SZA;1;2022;12;9;57144458;81;G#;Major
485;Conceited;SZA;1;2022;12;9;56870689;150;C#;Major
486;Snow On The Beach (feat. Lana Del Rey);Taylor Swift, Lana Del Rey;2;2022;10;21;323437194;110;A;Major
487;Maroon;Taylor Swift;1;2022;10;21;317726339;108;G;Major
488;Tubarï¿½ï¿½o Te;Dj LK da Escï¿½ï¿½cia, Tchakabum, mc jhenny, M;4;2022;9;28;116144341;130;E;Minor
489;Bejeweled;Taylor Swift;1;2022;10;21;328207708;164;G;Major
490;Tarot;Bad Bunny, Jhay Cortez;2;2022;5;6;608228647;114;B;Minor
491;You Make It Feel Like Christmas (feat. Blake Shelton);Gwen Stefani, Blake Shelton;2;2005;9;20;180577478;93;F;Major
492;Desesperados;Chencho Corleone, Rauw Alejandro;2;2021;6;25;809306935;90;C#;Minor
493;Too Late;SZA;1;2022;12;8;49262961;128;B;Major
494;Party;Bad Bunny, Rauw Alejandro;2;2022;5;6;614555082;97;A;Major
495;Run Rudolph Run - Single Version;Chuck Berry;1;1958;1;1;245350949;152;G;Minor
496;Jingle Bells - Remastered 1999;Frank Sinatra;1;1957;1;1;178660459;175;G#;Major
497;Far;SZA;1;2022;12;9;51641685;116;D;Major
498;On Time (with John Legend);John Legend, Metro Boomin;2;2022;12;2;78139948;80;F;Minor
499;GATï¿½ï¿½;Maldy, Karol G;2;2022;8;25;322336177;93;B;Minor
500;ýýýabcdefu;Gayle;1;2021;8;13;1007612429;122;E;Major
501;Sacrifice;The Weeknd;1;2022;1;7;326792833;122;G;Major
502;Is There Someone Else?;The Weeknd;1;2022;1;7;391251368;135;A;Minor
503;Fingers Crossed;Lauren Spencer Smith, Lauren Spencer Smith, Lauren Spencer Smith;3;2022;1;5;349585590;109;F;Major
504;Out of Time;The Weeknd;1;2022;1;7;339659802;93;;Minor
505;Do It To It;Cherish, ACRAZE;2;2021;8;20;674772936;125;B;Minor
506;We Don't Talk About Bruno;Adassa, Mauro Castillo, Stephanie Beatriz, Encanto - Cast, Rhenzy Feliz, Diane Guerrero, Carolina Gaitan;7;2021;11;19;432719968;206;;Minor
507;Pepas;Farruko;1;2021;6;24;1309887447;130;G;Major
508;How Do I Make You Love Me?;The Weeknd;1;2022;1;7;119238316;121;G;Minor
509;Gasoline;The Weeknd;1;2022;1;7;116903579;123;F#;Minor
510;Infinity;Jaymes Young;1;2017;6;23;888046992;122;B;Minor
511;Less Than Zero;The Weeknd;1;2022;1;7;200660871;143;;Major
512;Take My Breath;The Weeknd;1;2021;8;6;130655803;121;A#;Minor
513;good 4 u;Olivia Rodrigo;1;2021;5;14;1887039593;166;F#;Minor
514;Here We Goï¿½ï¿½ï¿½ Again (feat. Tyler, the Cr;The Weeknd, Tyler, The Creator;3;2022;1;7;88103848;135;C#;Major
515;Best Friends;The Weeknd;1;2022;1;7;101114984;87;E;Minor
516;Kiss Me More (feat. SZA);SZA, Doja Cat;2;2021;4;9;1575467011;111;G#;Major
517;I Heard You're Married (feat. Lil Wayne);The Weeknd, Lil Wayne;2;2022;1;7;91656026;110;D;Major
518;Need To Know;Doja Cat;1;2021;6;11;1042568408;130;C#;Major
519;MONTERO (Call Me By Your Name);Lil Nas X;1;2020;9;18;1735441776;179;G#;Minor
520;love nwantiti (ah ah ah);Ckay;1;2019;7;26;726837877;93;F;Minor
521;Dawn FM;The Weeknd;1;2022;1;7;53933526;78;A;Minor
522;Surface Pressure;Jessica Darrow;1;2021;11;19;267758538;180;D;Major
523;Starry Eyes;The Weeknd;1;2022;1;7;74601456;86;A;Minor
524;THATS WHAT I WANT;Lil Nas X;1;2021;9;17;920797189;88;C#;Minor
525;One Right Now (with The Weeknd);The Weeknd, Post Malone;2;2021;11;5;539595276;97;C#;Major
526;Beggin;Mï¿½ï¿½ne;1;2017;12;8;1367810478;134;B;Minor
527;Mon Amour - Remix;Aitana, zzoilo;2;2020;9;21;578207856;116;D;Major
528;Lo Siento BB:/ (with Bad Bunny & Julieta Venegas);Julieta Venegas, Bad Bunny, Tainy;3;2021;10;5;775542072;170;E;Minor
529;MONEY;Lisa;1;2021;9;10;863625566;140;C#;Minor
530;The Motto;Tiï¿½ï¿½sto, Ava;2;2021;11;4;656013912;118;G;Minor
531;Happier Than Ever;Billie Eilish;1;2021;7;30;1056760045;65;;Major
532;Moth To A Flame (with The Weeknd);The Weeknd, Swedish House Mafia;2;2021;10;22;611994237;120;;Minor
533;traitor;Juan Cruz Toledo, Huilen Toledo;2;2021;5;21;1230855859;176;D#;Major
534;Toxic;BoyWithUke;1;2021;9;10;582981380;180;G#;Minor
535;drivers license;Olivia Rodrigo;1;2021;1;8;1858144199;144;A#;Major
536;Malvadï¿½ï¿;Xamï¿½ï¿½, Gustah, Neo B;3;2021;11;30;240684449;133;F#;Minor
537;All Too Well (10 Minute Version) (Taylor's Version) (From The Vault);Taylor Swift;1;2021;11;12;583687007;93;;Major
538;Donï¿½ï¿½ï¿½t Break My;The Weeknd;1;2022;1;7;63803529;122;A#;Major
539;Oh My God;Adele;1;2021;11;19;466214729;88;C#;Major
540;Entre Nosotros (Remix) [con Nicki Nicole];Lit Killah, Maria Becerra, Tiago pzk, NICKI NICOLE;4;2022;1;5;236940480;170;F;Minor
541;A Tale By Quincy;The Weeknd;1;2022;1;7;41924466;94;F;Minor
542;I AM WOMAN;Emmy Meli;1;2021;11;18;225259194;170;A#;Major
543;Medallo;Justin Quiles, Lenny Tavï¿½ï¿½rez, BL;3;2021;10;27;393230256;90;E;Minor
544;It'll Be Okay;Shawn Mendes;1;2021;12;1;287201015;78;G;Major
545;Softcore;The Neighbourhood;1;2018;3;9;599770206;94;D;Major
546;Super Gremlin;Kodak Black;1;2021;10;30;342779426;73;D;Major
547;Volvï¿;Aventura, Bad Bunny;2;2021;8;3;673801126;176;C#;Major
548;Todo De Ti;Rauw Alejandro;1;2020;11;2;1168642797;128;D#;Minor
549;Love Nwantiti - Remix;Ckay, AX'EL, Dj Yo!;3;2019;8;30;540539717;120;G#;Major
550;Smokin Out The Window;Bruno Mars, Anderson .Paak, Silk Sonic;3;2021;11;5;383550148;82;D;Major
551;Meet Me At Our Spot;THE ANXIETY, Willow, Tyler Cole;3;2020;3;13;530511203;95;D;Major
552;Every Angel is Terrifying;The Weeknd;1;2022;1;7;37307967;118;;Major
553;Tacones Rojos;Sebastian Yatra;1;2021;10;22;510876816;123;B;Minor
554;Peaches (feat. Daniel Caesar & Giveon);Justin Bieber, Daniel Caesar, Giveon;3;2021;3;19;1445941661;90;;Major
555;Dakiti;Bad Bunny, Jhay Cortez;2;2020;10;30;1763363713;110;E;Minor
556;Tiago PZK: Bzrp Music Sessions, Vol. 48;Bizarrap, Tiago pzk;2;2021;12;29;374191487;96;C#;Minor
557;Lï¿½ï¿½ï¿;Stromae;1;2022;1;9;108809090;88;D;Minor
558;Nostï¿½ï¿½l;Chris Brown, Rvssian, Rauw Alejandro;3;2021;9;8;436695353;98;A;Minor
559;Better Days (NEIKED x Mae Muller x Polo G);NEIKED, Mae Muller, Polo G;3;2021;9;24;421040617;110;;Minor
560;Life Goes On;Oliver Tree;1;2020;7;17;501541661;80;;Major
561;Sad Girlz Luv Money Remix (feat. Kali Uchis);Kali Uchis, Amaarae, Moliy;3;2021;9;16;354065229;110;C#;Minor
562;Butter;BTS;1;2021;5;21;1143647827;110;G#;Major
563;pushin P (feat. Young Thug);Young Thug, Future, Gunna;3;2022;1;7;311395144;78;C#;Minor
564;You Right;Doja Cat, The Weeknd;2;2021;6;24;672656250;129;G#;Major
565;deja vu;Olivia Rodrigo;1;2021;4;1;1256880657;181;A;Major
566;Dynamite;BTS;1;2020;8;21;1692897992;114;F#;Minor
567;TO THE MOON;Jnr Choi;1;2021;11;5;245095641;144;D;Major
568;Lost in the Fire;The Weeknd, Gesaffelstein;2;2019;1;11;686734357;101;D;Major
569;Salimo de Noche;Trueno, Tiago pzk;2;2021;10;21;261414174;84;D;Major
570;Volando - Remix;Sech, Bad Bunny, Mora;3;2021;7;8;610045621;154;F#;Major
571;Leave The Door Open;Bruno Mars, Anderson .Paak, Silk Sonic;3;2021;3;5;1115880852;148;F;Major
572;Knife Talk (with 21 Savage ft. Project Pat);Drake, Project Pat, 21 Savage;3;2021;9;3;594482982;146;F;Minor
573;Don't Be Shy;Tiï¿½ï¿½sto, Kar;2;2021;8;1;566954746;120;B;Minor
574;Love Grows (Where My Rosemary Goes);Edison Lighthouse;1;1970;1;1;BPM110KeyAModeMajorDanceability53Valence75Energy69Acousticness7Instrumentalness0Liveness17Speechiness3;110;A;Major
575;LA FAMA (with The Weeknd);The Weeknd, ROSALï¿½;2;2021;11;11;374706940;136;;Minor
576;The Family Madrigal;Olga Merediz, Stephanie Beatriz, Encanto - Cast;3;2021;11;19;184937148;141;C#;Major
577;Phantom Regret by Jim;The Weeknd;1;2022;1;7;31959571;108;A;Minor
578;Dos Oruguitas;Sebastian Yatra;1;2021;11;19;167076418;94;;Major
579;Freaks;Surf Curse;1;2015;5;10;824420218;180;A;Major
580;Acapulco;Jason Derulo;1;2021;9;1;363467642;122;A#;Major
581;Daddy Issues;The Neighbourhood;1;2015;10;30;1127468248;85;A#;Major
582;thought i was playing;21 Savage, Gunna;2;2022;1;7;60680939;148;C#;Major
583;ELEVEN;IVE;1;2021;12;1;247737946;120;A;Major
584;Mood (feat. Iann Dior);24kgoldn, Iann Dior;2;2020;7;24;1699402402;91;G;Minor
585;What Else Can I Do?;Stephanie Beatriz, Diane Guerrero;2;2021;11;19;154797871;120;E;Major
586;DANCE CRIP;Trueno;1;2021;11;17;198883004;106;;Major
587;Miserable Man;David Kushner;1;2022;1;7;124407432;110;A#;Major
588;happier;Olivia Rodrigo;1;2021;5;21;850608354;169;F#;Major
589;Praise God;Kanye West;1;2021;8;29;376333030;118;C#;Major
590;Get Into It (Yuh);Doja Cat;1;2021;6;25;516784627;92;G#;Minor
591;Before You Go;Lewis Capaldi;1;2019;11;1;1608045237;112;D#;Major
592;Sky;Playboi Carti;1;2020;12;25;506778838;140;D;Major
593;Rolling in the Deep;Adele;1;2010;11;29;1472799873;105;G#;Major
594;Sobrio;Maluma;1;2021;7;8;513643924;178;F;Major
595;Peru;Ed Sheeran, Fireboy DML;2;2021;12;23;261286503;108;G;Minor
596;favorite crime;Olivia Rodrigo;1;2021;5;21;783706581;173;A;Major
597;Thunder;Prezioso, Gabry Ponte, LUM!X;3;2021;5;7;422691058;101;C#;Major
598;The Business;Tiï¿½ï¿;1;2020;1;1;1062345656;120;G#;Minor
599;positions;Ariana Grande;1;2020;10;23;1252563873;144;;Major
600;I WANNA BE YOUR SLAVE;Mï¿½ï¿½ne;1;2021;3;19;851070493;133;C#;Major
601;Vai Lï¿½ï¿½ Em Casa ;Marï¿½ï¿½lia Mendonï¿½ï¿½a, George Henrique &;2;2021;10;22;263894529;158;G#;Minor
602;The Feels;TWICE;1;2021;10;1;345903614;120;A;Major
603;HEARTBREAK ANNIVERSARY;Giveon;1;2020;2;21;951637566;129;;Major
604;No Lie;Sean Paul, Dua Lipa;2;2016;11;18;956865266;102;G;Major
605;OUT OUT (feat. Charli XCX & Saweetie);Charli XCX, Jax Jones, Joel Corry, Saweetie;4;2021;8;13;427486004;124;G#;Minor
606;Pope Is a Rockstar;SALES;1;2016;4;20;156658366;90;E;Minor
607;2055;Sleepy hallow;1;2021;4;14;624515457;161;F#;Minor
608;Bored;Billie Eilish;1;2017;3;30;777765388;120;G;Major
609;Happier Than Ever - Edit;Billie Eilish;1;2021;7;28;412795151;81;;Major
610;Astronaut In The Ocean;Masked Wolf;1;2019;1;1;1138474110;150;E;Minor
611;Ley Seca;Anuel Aa, Jhay Cortez;2;2021;9;2;355219175;105;G#;Major
612;Every Summertime;NIKI;1;2021;8;10;290228626;79;F#;Major
613;Talking To The Moon;Bruno Mars;1;2010;10;4;1062956628;146;C#;Minor
614;you broke me first;Tate McRae;1;2020;4;17;1180094974;124;E;Major
615;The Nights;Avicii;1;2014;1;1;1456081449;126;F#;Major
616;Take My Breath;The Weeknd;1;2021;8;6;432702334;121;G#;Major
617;Way 2 Sexy (with Future & Young Thug);Drake, Future, Young Thug;3;2021;9;3;489945871;136;B;Minor
618;Cï¿½ï¿½;Rauw Alejandro;1;2021;6;25;465959382;102;A;Minor
619;Enemy - from the series Arcane League of Legends;Imagine Dragons, League of Legends, Arcane;3;2021;10;27;1223481149;77;G;Major
620;Dance Monkey;Tones and I;1;2019;5;10;2864791672;98;F#;Minor
621;Lucid Dreams;Juice WRLD;1;2017;6;15;2288695111;84;B;Minor
622;Quï¿½ï¿½ Mï¿½ï¿;J Balvin, Maria Becerra;2;2021;1;28;720825549;102;G#;Major
623;All of Me;John Legend;1;2013;8;1;2086124197;120;G#;Major
624;Smells Like Teen Spirit - Remastered 2021;Nirvana;1;1991;9;10;1690192927;117;C#;Major
625;Arcade;Duncan Laurence;1;2019;3;7;991336132;72;A;Minor
626;Fair Trade (with Travis Scott);Drake, Travis Scott;2;2021;9;3;593917618;168;C#;Major
627;Bar;Tini, L-Gante;2;2021;11;11;200972675;94;C#;Major
628;The Rumbling (TV Size);SiM;1;2022;1;10;71014967;145;G#;Major
629;family ties (with Kendrick Lamar);Kendrick Lamar, Baby Keem;2;2021;8;27;560222750;134;C#;Major
630;Mr. Brightside;The Killers;1;2003;9;23;1806617704;148;C#;Major
631;Blessed-Cursed;ENHYPEN;1;2022;1;10;77337771;127;E;Minor
632;AM Remix;J Balvin, Nio Garcia, Bad Bunny;3;2021;6;24;528544703;172;F#;Minor
633;Streets;Doja Cat;1;2019;11;7;865640097;90;B;Major
634;Shallow;Lady Gaga, Bradley Cooper;2;2018;9;27;2159346687;96;G;Major
635;Polaroid Love;ENHYPEN;1;2022;1;10;211372494;138;G;Minor
636;Leave Before You Love Me (with Jonas Brothers);Marshmello, Jonas Brothers;2;2021;4;28;651732901;120;G;Major
637;Permission to Dance;BTS;1;2021;7;9;608334048;125;A;Major
638;Friday (feat. Mufasa & Hypeman) - Dopamine Re-Edit;Riton, Nightcrawlers, Mufasa & Hypeman, Dopamine;4;2021;1;15;863756573;123;D;Major
639;RAPSTAR;Polo G;1;2021;4;9;797402345;81;F#;Major
640;'Till I Collapse;Eminem, Nate Dogg;2;2002;5;26;1695712020;171;C#;Major
641;Memories;Maroon 5;1;2019;9;20;1759567999;91;B;Major
642;Se Le Ve;Arcangel, De La Ghetto, Justin Quiles, Lenny Tavï¿½ï¿½rez, Sech, Dalex, Dimelo Flow, Rich Music;8;2021;8;12;223319934;84;G;Minor
643;25k jacket (feat. Lil Baby);Gunna, Lil Baby;2;2022;1;7;54937991;115;F;Minor
644;When Iï¿½ï¿½ï¿½m Gone (with Katy ;Katy Perry, Alesso;2;2021;12;29;226897599;125;;Major
645;Esqueï¿½ï¿½a-Me Se For C;Marï¿½ï¿½lia Mendonï¿½ï¿½a, Maiara &;2;2021;10;14;258316038;122;F#;Minor
646;Miï¿½ï¿½n;Tini, Maria Becerra;2;2021;4;29;596152090;92;D;Major
647;Sï¿½ï¿½;Anuel Aa, Myke Towers, Jhay Cortez;3;2021;11;18;177129919;90;F#;Minor
648;MAMIII;Karol G, Becky G;2;2022;2;10;716591492;94;E;Minor
649;Still D.R.E.;Dr. Dre, Snoop Dogg;2;1999;1;1;1210599487;93;B;Major
650;Stay Alive (Prod. SUGA of BTS);Jung Kook;1;2022;2;11;246376690;130;D;Minor
651;Boyfriend;Dove Cameron;1;2022;2;11;496311364;180;G;Minor
652;The Joker And The Queen (feat. Taylor Swift);Ed Sheeran, Taylor Swift;2;2022;2;11;146789379;134;;Major
653;The Next Episode;Dr. Dre, Snoop Dogg;2;1999;1;1;843309044;95;D#;Minor
654;Light Switch;Charlie Puth;1;2022;1;19;500340342;184;F#;Major
655;City of Gods;Kanye West, Alicia Keys, Fivio Foreign;3;2022;2;11;107255472;147;G#;Minor
656;Brividi;Mahmood, Blanco;2;2022;2;2;135079152;123;G;Major
657;Lost;Frank Ocean;1;2012;1;1;822239726;123;A#;Minor
658;In Da Club;50 Cent;1;2002;1;1;1202722675;90;F#;Minor
659;she's all i wanna be;Tate McRae;1;2022;2;4;343197054;160;D;Minor
660;Ginseng Strip 2002;Yung Lean;1;2013;8;16;240769997;115;C#;Major
661;All For Us - from the HBO Original Series Euphoria;Labrinth, Zendaya;2;2019;8;4;426204830;141;D#;Major
662;Notion;The Rare Occasions;1;2016;8;5;421135627;160;A;Major
663;Formula;Labrinth;1;2019;10;4;554875730;145;B;Major
664;Mount Everest;Labrinth;1;2019;6;21;467727006;89;;Minor
665;Excuses;Intense, AP Dhillon, Gurinder Gill;3;2020;7;24;327498031;95;F;Minor
666;Cigarettes;Juice WRLD;1;2021;12;10;185408548;160;D;Major
667;Cayï¿½ï¿½ La Noche (feat. Cruz Cafunï¿½ï¿½, Abhir Hathi, Bejo, EL IMA);Quevedo, La Pantera, Juseph, Cruz Cafunï¿½ï¿½, Bï¿½ï¿½jo, Abhir Hathi;7;2022;1;14;245400167;174;F;Minor
668;California Love - Original Version (Explicit);Dr. Dre, 2Pac, Roger;3;1995;12;28;579395142;92;G;Major
669;Forgot About Dre;Eminem, Dr. Dre;2;1999;1;1;675039469;134;G#;Major
670;Down Under (feat. Colin Hay);Luude, Colin Hay;2;2021;11;19;252871192;172;B;Minor
671;Mujeriego;Ryan Castro;1;2021;12;17;231996128;80;A;Major
672;HUMBLE.;Kendrick Lamar;1;2017;3;30;1929770265;150;C#;Minor
673;Stan;Eminem, Dido;2;1999;11;21;918915401;80;F#;Minor
674;Contection;GODZZ__-, Zakaria;2;2020;1;16;1180896317;166;A#;Minor
675;Swim;Chase Atlantic;1;2017;10;4;498960285;120;G#;Major
676;A Tu Merced;Bad Bunny;1;2020;2;29;685071800;92;;Major
677;Numb Little Bug;Em Beihold;1;2022;1;28;258714692;85;G#;Minor
678;212;Mainstreet, Chefin;2;2022;1;15;143139338;154;D;Minor
679;Problemï¿½;Alvaro Diaz, Rauw Alejandro;2;2021;10;22;209768491;92;D;Minor
680;Bussin;Nicki Minaj, Lil Baby;2;2022;2;11;64714573;140;B;Major
681;Worst Day;Future;1;2022;2;11;50746620;89;C#;Major
682;Malvada;Zï¿½ï¿½ Fe;1;2022;1;28;154119539;135;F;Minor
683;Hrs and Hrs;Muni Long;1;2021;11;19;181328253;140;G#;Minor
684;Alien Blues;Vundabar;1;2015;7;24;370068639;82;D#;Major
685;Thinking Out Loud;Ed Sheeran;1;2014;1;1;2280566092;79;D;Major
686;Still Don't Know My Name;Labrinth;1;2019;10;4;563902868;88;F;Major
687;Christmas Tree;V;1;2021;12;24;317622165;139;F;Major
688;Mal Feito - Ao Vivo;Marï¿½ï¿½lia Mendonï¿½ï¿½a, Hugo & G;2;2022;1;14;291709698;124;;Minor
689;When I R.I.P.;Labrinth;1;2019;10;4;203680270;80;G#;Minor
690;Do We Have A Problem?;Nicki Minaj, Lil Baby;2;2022;2;4;81350745;120;C#;Minor
691;Forever;Labrinth;1;2019;10;4;282883169;80;E;Minor
692;Gospel (with Eminem);Eminem, Dr. Dre;2;2022;2;4;64787943;117;C#;Major
693;Seï¿½ï¿½o;Shawn Mendes, Camila Cabello;2;2019;6;19;2484812918;117;A;Minor
694;NEW MAGIC WAND;Tyler, The Creator;2;2019;5;16;461437791;140;F;Minor
695;Adore You;Harry Styles;1;2019;12;6;1439191367;99;G#;Major
696;La Santa;Daddy Yankee, Bad Bunny;2;2020;2;29;759208783;93;C#;Major
697;Something In The Way - Remastered 2021;Nirvana;1;1991;9;24;368646862;106;G#;Major
698;Sweetest Pie;Dua Lipa, Megan Thee Stallion;2;2022;3;11;299634472;124;G;Major
699;Bam Bam (feat. Ed Sheeran);Camila Cabello, Ed Sheeran;2;2022;3;4;756907987;95;G#;Major
700;Una Noche en Medellï¿½;Cris Mj;1;2022;1;21;682475162;96;A#;Minor
701;Envolver;Anitta;1;2021;11;11;546191065;92;E;Minor
702;Starlight;Dave;1;2022;3;3;229473310;124;G;Major
703;Hati-Hati di Jalan;Tulus;1;2022;3;3;202677468;72;F#;Major
704;"I'm Tired - From ""Euphoria"" An Original HBO Series";Labrinth;1;2022;2;4;121913181;71;;Minor
705;DANï¿½ï¿½A;Mc Pedrinho, Pedro Sampaio;2;2022;2;1;208166039;135;A;Minor
706;Yo Voy (feat. Daddy Yankee);Zion & Lennox;1;2004;5;4;527033089;95;A#;Major
707;Residente: Bzrp Music Sessions, Vol. 49;Residente, Bizarrap;2;2022;3;3;94616487;71;C#;Minor
708;Jordan;Ryan Castro;1;2021;4;30;394030335;180;A#;Minor
709;Nail Tech;Jack Harlow;1;2022;2;18;193443895;150;E;Minor
710;Chale;Eden Muï¿½ï;1;2022;2;18;299648208;189;G#;Major
711;DARARI;Treasure;1;2022;2;15;182978249;85;;Major
712;Ya No Somos Ni Seremos;Christian Nodal;1;2022;2;18;319757142;140;G;Major
713;Thinking with My Dick;Kevin Gates, Juicy J;2;2013;7;16;109091573;81;;Major
714;Freaky Deaky;Tyga, Doja Cat;2;2022;2;25;153240879;104;D;Minor
715;this is what falling in love feels like;JVKE;1;2021;9;3;346127840;129;B;Major
716;La Zona;Bad Bunny;1;2020;2;29;312622938;94;C#;Minor
717;Bohemian Rhapsody - Remastered 2011;Queen;1;1975;10;31;2197010679;71;;Minor
718;Hope;XXXTENTACION;1;2018;3;16;1200808494;146;A;Minor
719;Levitating;Dua Lipa;1;2020;3;27;797196073;103;F#;Minor
720;Wake Me Up - Radio Edit;Avicii;1;2013;1;1;1970673297;124;D;Major
721;jealousy, jealousy;Olivia Rodrigo;1;2021;5;21;665765558;164;A#;Minor
722;Monï¿½ï¿½y so;YEAT;1;2021;9;10;263779030;138;D;Major
723;Demasiadas Mujeres;C. Tangana;1;2020;10;8;339473453;126;A;Minor
724;Something Just Like This;The Chainsmokers, Coldplay;2;2017;2;22;2204080728;103;B;Minor
725;Closer;The Chainsmokers, Halsey;2;2016;5;31;2591224264;95;G#;Major
726;O.O;NMIXX;1;2022;2;22;135444283;200;B;Minor
727;Somebody That I Used To Know;Gotye, Kimbra;2;2011;1;1;1457139296;129;;Major
728;Tom's Diner;AnnenMayKantereit, Giant Rooks;2;2019;6;28;236872197;98;F#;Minor
729;First Class;Jack Harlow;1;2022;4;8;694525298;107;G#;Major
730;Plan A;Paulo Londra;1;2022;3;23;240661097;174;;Major
731;Fuera del mercado;Danny Ocean;1;2022;2;17;421365166;92;G#;Major
732;X ï¿½ï¿½LTIMA;Daddy Yankee, Bad Bunny;2;2022;3;25;349746291;90;G;Major
733;When You're Gone;Shawn Mendes;1;2022;3;31;255120451;147;F;Major
734;In My Head;Lil Tjay;1;2022;4;1;190981339;143;C#;Major
735;Wait a Minute!;Willow;1;2015;1;11;924193303;101;D#;Minor
736;LOVE DIVE;IVE;1;2022;4;5;305771063;118;C#;Minor
737;Pantysito;Feid, Alejo, Robi;3;2022;3;18;273005485;98;G;Minor
738;Chance;Paulo Londra;1;2022;4;6;89566512;138;C#;Minor
739;Cool for the Summer;Demi Lovato;1;2015;1;1;677389855;114;F;Minor
740;psychofreak (feat. WILLOW);Camila Cabello, Willow;2;2022;4;7;75476209;180;G;Minor
741;Angel Baby;Troye Sivan;1;2021;9;9;408843328;145;B;Major
742;Vampiro;Matuï¿½ï¿½, Wiu, ;3;2022;1;30;187772591;115;G#;Minor
743;Si Quieren Frontear;De La Ghetto, Duki, Quevedo;3;2022;3;31;178512385;82;A#;Major
744;Right On;Lil Baby;1;2022;4;8;101780047;166;D;Major
745;Me Arrepentï¿;Ak4:20, Cris Mj, Pailita;3;2022;3;30;118381354;92;;Major
746;That's Hilarious;Charlie Puth;1;2022;4;8;146363130;108;F#;Major
747;Soy El Unico;Yahritza Y Su Esencia;1;2022;3;25;126443991;84;E;Minor
748;RUMBATï¿½;Daddy Yankee;1;2022;3;25;157990698;95;D#;Minor
749;sentaDONA (Remix) s2;Luï¿½ï¿½sa Sonza, MC Frog, Dj Gabriel do Borel, Davi K;4;2022;3;17;176290831;135;D#;Minor
750;Falling;Harry Styles;1;2019;12;13;1023187129;110;E;Major
751;Sigue;Ed Sheeran, J Balvin;2;1996;11;24;106933107;88;G;Major
752;Fim de Semana no Rio;teto;1;2022;3;30;139193812;119;C#;Minor
753;MANIAC;Stray Kids;1;2022;3;18;212234990;120;C#;Major
754;There's Nothing Holdin' Me Back;Shawn Mendes;1;2016;9;23;1714490998;122;D;Major
755;IDGAF (with blackbear);Blackbear, BoyWithUke;2;2022;3;18;197643795;98;F;Major
756;Golden;Harry Styles;1;2019;12;13;807015863;140;E;Minor
757;Get Lucky - Radio Edit;Pharrell Williams, Nile Rodgers, Daft Punk;3;2013;1;1;933815613;116;F#;Minor
758;Ain't Shit;Doja Cat;1;2021;6;25;499710590;124;D#;Major
759;"Nobody Like U - From ""Turning Red""";Jordan Fisher, Josh Levi, Finneas O'Connell, 4*TOWN (From Disney and Pixarï¿½ï¿½ï¿½s Turning Red), Topher Ngo, Grayson Vill;6;2022;2;25;120847157;105;A;Minor
760;Still Life;BIGBANG;1;2022;4;5;53909146;118;G#;Major
761;Photograph;Ed Sheeran;1;2014;6;20;2236667932;108;E;Major
762;Love Yourself;Justin Bieber;1;2015;11;9;2123309722;100;E;Major
763;N95;Kendrick Lamar;1;2022;5;13;301242089;140;D#;Minor
764;About Damn Time;Lizzo;1;2022;4;14;723894473;109;A#;Minor
765;Die Hard;Kendrick Lamar, Blxst, Amanda Reifer;3;2022;5;13;237351106;101;C#;Minor
766;Despuï¿½ï¿½s de la P;Bad Bunny;1;2022;5;6;461558540;78;F;Major
767;Un Ratito;Bad Bunny;1;2022;5;6;417230415;93;;Minor
768;United In Grief;Kendrick Lamar;1;2022;5;13;156898322;87;G#;Major
769;Father Time (feat. Sampha);Kendrick Lamar, Sampha;2;2022;5;13;127309180;153;A#;Minor
770;Yo No Soy Celoso;Bad Bunny;1;2022;5;6;313113297;142;;Major
771;Rich Spirit;Kendrick Lamar;1;2022;5;13;173702135;96;A#;Minor
772;Cooped Up (with Roddy Ricch);Post Malone, Roddy Ricch;2;2022;5;12;271666301;125;;Major
773;Me Fui de Vacaciones;Bad Bunny;1;2022;5;6;305650299;85;A#;Major
774;Silent Hill;Kendrick Lamar, Kodak Black;2;2022;5;13;123216717;140;C#;Minor
775;La Corriente;Tony Dize, Bad Bunny;2;2022;5;6;479655659;196;B;Minor
776;Count Me Out;Kendrick Lamar;1;2022;5;13;126191104;134;G;Major
777;Andrea;Buscabulla, Bad Bunny;2;2022;5;6;344055883;103;C#;Minor
778;Dos Mil 16;Bad Bunny;1;2022;5;6;338422004;130;C#;Major
779;We Cry Together;Kendrick Lamar, Taylour Paige;2;2022;5;13;68895644;108;B;Major
780;Savior;Kendrick Lamar, Sam Dew, Baby Keem;3;2022;5;13;86176890;123;G#;Major
781;Un Coco;Bad Bunny;1;2022;5;6;403231558;152;B;Major
782;Otro Atardecer;Bad Bunny, The Marï¿½ï;2;2022;5;6;319546754;108;D;Major
783;Worldwide Steppers;Kendrick Lamar;1;2022;5;13;61739839;72;A#;Minor
784;Aguacero;Bad Bunny;1;2022;5;6;283359161;121;F#;Minor
785;Purple Hearts;Kendrick Lamar, Ghostface Killah, Summer Walker;3;2022;5;13;76831876;138;D#;Minor
786;Un Verano Sin Ti;Bad Bunny;1;2022;5;6;283332261;188;F;Minor
787;ULTRA SOLO;Polima WestCoast, Pailita;2;2022;2;14;307752576;110;C#;Major
788;Ensï¿½ï¿½ï¿½ï¿½ame ;Bad Bunny;1;2022;5;6;279737940;105;G#;Major
789;El Apagï¿½;Bad Bunny;1;2022;5;6;212351890;118;G#;Major
790;Callaita;Bad Bunny, Tainy;2;2019;5;31;1304313953;176;D;Major
791;Dua Lipa;Jack Harlow;1;2022;5;6;150500965;158;B;Major
792;Agosto;Bad Bunny;1;2022;5;6;246127838;115;C#;Minor
793;House Of Memories;Panic! At The Disco;1;2016;1;15;582863434;110;B;Minor
794;Mr. Morale;Kendrick Lamar, Tanna Leone;2;2022;5;13;58687425;174;A;Major
795;That That (prod. & feat. SUGA of BTS);PSY, Suga;2;2022;4;29;212109195;130;E;Major
796;In The Stars;Benson Boone;1;2022;4;29;382199619;78;A#;Major
797;Rich - Interlude;Kendrick Lamar;1;2022;5;13;41210087;104;G;Major
798;SUPERMODEL;Mï¿½ï¿½ne;1;2022;5;13;231657891;121;G;Major
799;Stefania (Kalush Orchestra);KALUSH;1;2022;3;10;53729194;105;D;Major
800;Thousand Miles;The Kid Laroi;1;2022;4;22;244741137;81;G;Major
801;Crown;Kendrick Lamar;1;2022;5;13;42485571;170;C#;Minor
802;Auntie Diaries;Kendrick Lamar;1;2022;5;13;37778188;78;G;Major
803;PUFFIN ON ZOOTIEZ;Future;1;2022;4;29;254218729;125;G#;Major
804;Mirror;Kendrick Lamar;1;2022;5;13;53603447;92;E;Minor
805;Beautiful Girl;Luciano;1;2022;4;22;160035717;140;B;Minor
806;Paulo Londra: Bzrp Music Sessions, Vol. 23;Bizarrap, Paulo Londra;2;2022;4;25;164163229;96;;Major
807;Savior - Interlude;Kendrick Lamar;1;2022;5;13;37091576;118;F;Minor
808;Pasoori;Shae Gill, Ali Sethi;2;2022;2;6;284249832;92;B;Minor
809;Mother I Sober (feat. Beth Gibbons of Portishead);Kendrick Lamar, Beth Gibbons;2;2022;5;13;33381454;140;G#;Minor
810;TUS Lï¿½ï¿½GR;Sech, Mora;2;2022;4;1;184622518;174;C#;Major
811;Where Did You Go?;MNEK, Jax Jones;2;2022;1;26;300983101;127;A#;Major
812;I Tried to Tell Y'all;Ugly Dray, Tesla Jnr;2;2022;5;6;121077868;96;B;Major
813;Honest (feat. Don Toliver);Justin Bieber, Don Toliver;2;2022;4;29;106919680;150;G#;Minor
814;ZOOM;Jessi;1;2022;4;13;136996305;100;F#;Major
815;SloMo;Chanel;1;2021;12;24;65719930;105;C#;Minor
816;FEARLESS;LE SSERAFIM;1;2022;5;2;229497852;104;G;Major
817;10 Things I Hate About You;Leah Kate;1;2022;3;23;185550869;154;G#;Major
818;SPACE MAN;Sam Ryder;1;2022;2;22;54682594;80;B;Major
819;With you;HA SUNG WOON, Jimin;2;2022;4;24;240580042;150;D#;Major
820;Iris;The Goo Goo Dolls;1;1998;3;31;1284942608;156;B;Minor
821;The Heart Part 5;Kendrick Lamar;1;2022;5;8;71423324;98;G#;Minor
822;San Lucas;Kevin Kaarl;1;2019;11;7;244891912;92;G;Major
823;This Love (Taylorï¿½ï¿½ï¿½s Ve;Taylor Swift;1;2022;5;6;132171975;144;E;Major
824;Good Looking;Suki Waterhouse;1;2017;10;20;184706613;150;E;Major
825;Flowers;Lauren Spencer Smith;1;2021;8;9;184826429;138;D#;Major
826;Yet To Come;BTS;1;2022;6;10;302006641;172;C#;Major
827;Run BTS;BTS;1;2022;6;10;330881149;77;G#;Major
828;Music For a Sushi Restaurant;Harry Styles;1;2022;5;20;334733572;107;B;Major
829;Matilda;Harry Styles;1;2022;5;20;366214458;114;D;Major
830;For Youth;BTS;1;2022;6;10;114546317;117;D;Major
831;Daylight;Harry Styles;1;2022;5;20;290833204;146;;Major
832;Vegas (From the Original Motion Picture Soundtrack ELVIS);Doja Cat;1;2022;5;6;448500832;160;G#;Minor
833;Cash In Cash Out;Pharrell Williams, Tyler, The Creator, 21 Savage;4;2022;6;10;136676504;120;G;Major
834;Potion (with Dua Lipa & Young Thug);Calvin Harris, Dua Lipa, Young Thug;3;2022;5;27;190625045;100;B;Minor
835;Born Singer;BTS;1;2022;6;10;79095270;158;G#;Minor
836;Little Freak;Harry Styles;1;2022;5;20;273194684;142;D#;Major
837;La Llevo Al Cielo (Ft. ï¿½ï¿½engo F;Nengo Flow, Anuel Aa, Chris Jedi, Chencho Corleone;4;2022;5;20;333146475;170;A;Minor
838;True Love;Kanye West, XXXTENTACION;2;2022;5;27;194902696;84;F;Minor
839;Satellite;Harry Styles;1;2022;5;20;311482393;139;;Major
840;Pass The Dutchie;Musical Youth;1;1982;1;1;195918494;151;G;Major
841;Villano Antillano: Bzrp Music Sessions, Vol. 51;Bizarrap, Villano Antillano;2;2022;6;8;248511839;128;C#;Minor
842;Love Of My Life;Harry Styles;1;2022;5;20;233671263;118;G;Major
843;Grapejuice;Harry Styles;1;2022;5;20;199587884;183;F;Major
844;So Good;Halsey;1;2022;6;9;91781263;83;D#;Minor
845;Belly Dancer;BYOR, Imanbek;2;2022;2;18;383835984;122;C#;Major
846;Keep Driving;Harry Styles;1;2022;5;20;236060709;165;A;Major
847;Cinema;Harry Styles;1;2022;5;20;189236868;106;A;Minor
848;Die Young (feat. 347aidan);Sleepy hallow, 347aidan;2;2022;5;25;160845341;77;B;Major
849;Only Love Can Hurt Like This;Paloma Faith;1;2014;1;1;588955257;91;G#;Major
850;Hold My Hand;Lady Gaga;1;2022;5;3;238350348;148;G;Major
851;Daydreaming;Harry Styles;1;2022;5;20;187703102;114;E;Minor
852;Numb;Marshmello, Khalid;2;2022;6;10;295307001;120;;Minor
853;Nos Comemos (feat. Ozuna);Ozuna, Tiago pzk;2;2022;6;2;138334433;92;F#;Major
854;Me and Your Mama;Childish Gambino;1;2016;11;10;445590495;118;F;Major
855;Crazy What Love Can Do;David Guetta, Ella Henderson, Becky Hill;3;2022;3;18;286739476;123;E;Minor
856;SLOW DANCING IN THE DARK;Joji;1;2018;9;12;1122364376;89;D#;Major
857;Antes de Perderte;Duki;1;2022;6;2;157136970;110;F;Minor
858;Boyfriends;Harry Styles;1;2022;5;20;137070925;118;;Major
859;295;Sidhu Moose Wala;1;2021;5;15;183273246;90;B;Minor
860;Tak Ingin Usai;Keisya Levronka;1;2022;5;13;184807630;130;;Major
861;En El Radio Un Cochinero;Victor Cibrian;1;2022;5;13;164856284;154;F#;Minor
862;Master of Puppets (Remastered);Metallica;1;1986;3;3;704171068;105;E;Minor
863;BREAK MY SOUL;Beyoncï¿;1;2022;6;21;354614964;115;C#;Minor
864;ULTRA SOLO REMIX;De La Ghetto, Feid, Polima WestCoast, Paloma Mami, Pailita;5;2022;6;16;279717388;110;C#;Major
865;Massive;Drake;1;2022;6;17;195628667;125;E;Minor
866;Betty (Get Money);Yung Gravy;1;2022;6;10;221752937;102;C#;Major
867;Ojos Marrones;Lasso;1;2022;2;6;263280370;120;G#;Minor
868;POP!;Nayeon;1;2022;6;24;213505179;97;D;Major
869;Layla;Schï¿½ï¿½rze, DJ R;2;2022;3;24;130419412;140;F;Minor
870;MORE;j-hope;1;2022;7;1;155795783;97;D;Major
871;Sweet Child O' Mine;Guns N' Roses;1;1987;1;1;1553497987;125;F#;Major
872;Last Last;Burna Boy;1;2022;5;12;293466523;88;D#;Minor
873;SNAP;Rosa Linn;1;2022;3;19;711366595;170;;Major
874;Sticky;Drake;1;2022;6;17;191448892;137;A#;Minor
875;Hot Shit (feat. Ye & Lil Durk);Kanye West, Lil Durk, Cardi B;3;2022;7;1;85924992;157;A;Major
876;Ai Preto;L7nnon, DJ Biel do Furduncinho, Bianca;3;2022;6;3;176103902;130;F#;Major
877;La Loto;Anitta, Tini, Becky G;3;2022;7;6;121189256;90;C#;Major
878;die first;Nessa Barrett;1;2022;6;24;131746175;183;G#;Minor
879;Afraid To Feel;LF System;1;2022;5;2;244790012;128;C#;Major
880;Baile no Morro;Mc Vitin Da Igrejinha, MC Tairon, DJ Win;3;2022;6;10;129314708;130;D#;Minor
881;cï¿½ï¿½mo dormi;Rels B;1;2022;8;4;331511413;126;C#;Major
882;Bad Decisions (with BTS & Snoop Dogg);Snoop Dogg, BTS, Benny Blanco;3;2022;8;5;219196651;120;;Major
883;STAYING ALIVE (feat. Drake & Lil Baby);Drake, DJ Khaled, Lil Baby;3;2022;8;5;170732845;130;E;Minor
884;Caile;Luar La L;1;2020;12;18;273914335;122;;Major
885;Si Te La Encuentras Por Ahï¿;Feid;1;2022;8;5;179061440;172;G#;Minor
886;GIVENCHY;Duki;1;2022;7;20;185236961;103;G#;Major
887;ALIEN SUPERSTAR;Beyoncï¿;1;2022;7;29;171788484;122;A#;Minor
888;Mary On A Cross;Ghost;1;2019;9;13;387080183;130;B;Major
889;Attention;NewJeans;1;2022;8;1;264717480;105;A#;Minor
890;THE SHADE;Rex Orange County;1;2022;3;11;244928911;120;F;Major
891;"Come Back Home - From ""Purple Hearts""";Sofia Carson;1;2022;7;12;97610446;145;G;Major
892;El Rescate;Grupo Marca Registrada, Junior H;2;2022;7;22;287278853;99;G;Minor
893;Heartless;Kanye West;1;2008;1;1;887906111;88;A#;Minor
894;Stay With Me (with Justin Timberlake, Halsey, & Pharrell);Calvin Harris, Halsey, Pharrell Williams, Justin Timberlake;4;2022;7;15;123473120;126;A;Major
895;Siempre Pendientes;Peso Pluma, Luis R Conriquez;2;2022;8;15;295152154;136;;Major
896;JGL;Luis R Conriquez, La Adictiva;2;2022;2;18;323455692;113;G#;Major
897;Don't You Worry;David Guetta, Shakira, Black Eyed Peas;3;2022;6;16;240918092;132;B;Major
898;Pipoco;Melody, Ana Castela, Dj Chris No Beat;3;2022;5;20;191873381;135;G#;Major
899;Hold Me Closer;Elton John, Britney Spears;2;2017;11;10;284216603;126;;Major
900;Forget Me;Lewis Capaldi;1;2022;9;9;239411309;102;C#;Minor
901;After LIKE;IVE;1;2022;8;22;265548837;125;;Major
902;Bound 2;Kanye West;1;2013;1;1;703301727;149;C#;Major
903;B.O.T.A. (Baddest Of Them All) - Edit;Interplanetary Criminal, Eliza Rose;2;2022;6;15;244585109;137;;Major
904;Talk that Talk;TWICE;1;2022;8;26;189476119;120;D#;Minor
905;BILLIE EILISH.;Armani White;1;2022;1;20;277132266;100;C#;Major
906;Ferxxo 100;Feid;1;2022;6;3;278920007;164;G#;Minor
907;KU LO SA - A COLORS SHOW;Oxlade;1;2022;6;10;222410722;93;A#;Minor
908;Prohibidox;Feid;1;2022;9;13;185392587;180;C#;Minor
909;Static;Steve Lacy;1;2022;7;15;202452860;79;C#;Major
910;The Scientist;Coldplay;1;2002;8;5;1608164312;146;F;Major
911;Sparks;Coldplay;1;2000;7;10;624101957;103;C#;Major
912;Talk;YEAT;1;2022;9;2;148461629;140;E;Minor
913;XQ Te Pones Asï¿;Yandel, Feid;2;2022;9;13;47093942;92;A#;Major
914;Selfish;PnB Rock;1;2016;6;23;380319238;102;C#;Minor
915;Sin Seï¿½ï;Ovy On The Drums, Quevedo;2;2022;7;22;209106362;118;B;Minor
916;Lady Mi Amor;Feid;1;2022;9;13;53987404;93;D;Major
917;Poland;Lil Yachty;1;2022;6;23;115331792;150;F;Minor
918;THE LONELIEST;Mï¿½ï¿½ne;1;2022;10;7;225093344;130;D;Major
919;Bye Bye;Marshmello, Juice WRLD;2;2022;10;14;84697729;83;D#;Minor
920;BABY OTAKU;Fran C, Polima WestCoast, Nickoog Clk, Pablito Pesadilla;4;2022;8;18;159240673;102;A;Major
921;Nxde;(G)I-DLE;1;2022;10;17;170709584;136;E;Minor
922;Miss You;Southstar;1;1982;5;16;154356956;145;A;Major
923;we fell in love in october;girl in red;1;2018;11;21;723043854;130;G;Major
924;2 Be Loved (Am I Ready);Lizzo;1;2022;7;14;247689123;156;G;Major
925;Celestial;Ed Sheeran;1;2022;9;29;176474912;123;D;Major
926;Typa Girl;BLACKPINK;1;2022;9;16;235549288;132;G;Major
927;I Really Want to Stay at Your House;Rosa Walton, Hallie Coggins;2;2020;12;18;140430339;125;D#;Minor
928;California Breeze;Lil Baby;1;2022;10;14;85559365;162;F;Minor
929;Bamba (feat. Aitch & BIA);Luciano, Aitch, Bï¿½;3;2022;9;22;146223492;138;A#;Major
930;Casei Com a Putaria;MC Ryan SP, Love Funk, Mc Paiva ZS;3;2022;7;1;187701588;161;A#;Minor
931;Major Distribution;Drake, 21 Savage;2;2022;11;4;154863153;131;G#;Minor
932;Pussy & Millions (feat. Travis Scott);Drake, Travis Scott, 21 Savage;3;2022;11;4;191333656;122;E;Minor
933;Vigilante Shit;Taylor Swift;1;2022;10;21;253650850;80;E;Minor
934;Question...?;Taylor Swift;1;2022;10;21;223064273;109;G;Major
935;On BS;Drake, 21 Savage;2;2022;11;4;170413877;158;A;Major
936;Mastermind;Taylor Swift;1;2022;10;21;218320587;126;E;Major
937;Circo Loco;Drake, 21 Savage;2;2022;11;4;141720999;104;C#;Major
938;Labyrinth;Taylor Swift;1;2022;10;21;187339835;110;;Major
939;Spin Bout U;Drake, 21 Savage;2;2022;11;4;198365537;130;G;Major
940;Sweet Nothing;Taylor Swift;1;2022;10;21;186104310;177;;Major
941;Would've, Could've, Should've;Taylor Swift;1;2022;10;21;177503916;158;G;Major
942;Con La Brisa;Ludwig Goransson, Foudeqush;2;2022;11;4;71095708;114;D;Minor
943;Privileged Rappers;Drake, 21 Savage;2;2022;11;4;112436403;144;F;Major
944;The Astronaut;Jin;1;2022;10;28;203436468;125;F;Major
945;BackOutsideBoyz;Drake;1;2022;11;4;93367537;142;F;Minor
946;Broke Boys;Drake, 21 Savage;2;2022;11;4;106249219;120;D;Major
947;The Great War;Taylor Swift;1;2022;10;21;181382590;96;F;Major
948;My Mind & Me;Selena Gomez;1;2022;11;3;91473363;144;A;Major
949;Bigger Than The Whole Sky;Taylor Swift;1;2022;10;21;121871870;166;F#;Major
950;A Veces (feat. Feid);Feid, Paulo Londra;2;2022;11;3;73513683;92;C#;Major
951;En La De Ella;Feid, Sech, Jhayco;3;2022;10;20;133895612;97;C#;Major
952;Alone;Burna Boy;1;2022;11;4;96007391;90;E;Minor
